Depth,GR,Porosity,Caliper,Ring resistivity,MLT2_all_original,SD_all_original
10.188,58.1601,0.565722,9.1381,1.0184,2.322,1.736223046
10.3404,60.9179,0.558754,8.7842,1.016,2.2835,1.66148074
10.4928,61.4844,0.539033,8.7377,1.0135,2.183866667,1.578454682
10.6452,62.4926,0.5238,9.0833,1.011,2.055333333,1.539177645
10.7976,61.8291,0.519989,9.1003,1.0098,2.003366667,1.554955251
10.95,60.9953,0.539951,8.9128,1.0104,1.952166667,1.592645683
11.1024,62.3432,0.577547,9.0531,1.0146,1.8753,1.674857589
11.2548,62.1375,0.589453,8.9236,1.0125,1.7925,1.758866429
11.4072,65.0147,0.581286,8.648,1.0119,1.7083,1.864922664
11.5596,64.1987,0.546441,8.6592,1.0162,1.696233333,1.840970083
11.712,63.9723,0.53098,8.7725,1.0223,1.6425,1.799231813
11.8644,62.8842,0.559966,8.7712,1.0291,1.631633333,1.810702874
12.0168,63.3344,0.587683,8.4968,1.0361,1.6116,1.807693975
12.1692,64.2541,0.600668,8.4125,1.0412,1.635466667,1.895996092
12.3216,63.1011,0.576812,8.511,1.0263,1.5808,1.801125896
12.474,62.2585,0.573242,8.5815,1.0107,1.6305,1.86012983
12.6264,60.6748,0.584026,8.595,0.995,1.6463,1.801004334
12.7788,62.4636,0.566174,8.5526,0.9936,1.675133333,1.789326628
12.9312,63.8305,0.579128,8.6241,0.9968,1.6751,1.767764999
13.0836,66.1675,0.600624,8.8365,1,1.676166667,1.739569987
13.236,67.5441,0.626814,8.8617,1.0116,1.6981,1.741537048
13.3884,66.6084,0.627973,8.8478,1.0291,1.709833333,1.731412893
13.5408,67.1104,0.622189,8.7989,1.0458,1.747533333,1.742800634
13.6932,63.891,0.618042,8.8595,1.0459,1.779766667,1.767317698
13.8456,65.6527,0.615791,8.7048,1.0367,1.756,1.721458316
13.998,66.9723,0.585196,8.604,1.0153,1.7571,1.710884281
14.1504,69.7004,0.588788,8.6011,1.0044,1.7362,1.674547847
14.3028,67.9755,0.549864,8.6416,0.9989,1.779366667,1.715139751
14.4552,66.3672,0.57266,8.7096,1.0003,1.7324,1.610177001
14.6076,66.1906,0.563536,8.655,1.0103,1.752333333,1.601222457
14.76,68.0093,0.574677,8.7318,1.017,1.734466667,1.567237351
14.9124,66.3057,0.560287,8.8799,1.0099,1.789933333,1.603756609
15.0648,63.7668,0.577239,9.0282,0.9908,1.8006,1.622616541
15.2172,62.2358,0.626396,9.0274,0.9814,1.801366667,1.611375861
15.3696,62.4498,0.623952,8.8001,0.9763,1.8021,1.62660713
15.522,63.2079,0.608824,8.7589,0.9775,1.773433333,1.582759461
15.6744,63.845,0.575336,8.8618,0.9753,1.755433333,1.556556021
15.8268,64.1793,0.573972,9.0785,0.9796,1.759966667,1.563609446
15.9792,65.5188,0.586675,8.9764,0.9996,1.7496,1.607259274
16.1316,66.0209,0.607332,8.8041,1.0145,1.778233333,1.605163765
16.284,66.8693,0.629686,8.7896,1.0213,1.7771,1.566757189
16.4364,65.5625,0.608531,9.1889,1.0195,1.786733333,1.570956883
16.5888,65.3271,0.57617,9.4366,1.0187,1.833266667,1.593024146
16.7412,62.9605,0.536792,9.2648,1.0275,1.852666667,1.606113286
16.8936,63.9713,0.545972,9.0091,1.0348,1.790366667,1.579202277
17.046,61.5705,0.569585,8.9218,1.0402,1.7949,1.587859027
17.1984,61.9386,0.571887,8.8838,1.0405,1.794733333,1.595385302
17.3508,61.4994,0.569343,8.726,1.0384,1.807733333,1.616848085
17.5032,62.3211,0.573479,8.5425,1.0364,1.808433333,1.652201253
17.6556,65.7069,0.560578,8.4935,1.0384,1.819733333,1.691824911
17.808,62.5283,0.592868,8.6525,1.0413,1.880133333,1.696737531
17.9604,64.5877,0.60066,8.8441,1.046,1.984633333,1.643441156
18.1128,63.9993,0.646242,8.774,1.0511,1.9898,1.627464785
18.2652,67.652,0.641906,8.5565,1.0536,2.017866667,1.699046374
18.4176,63.9884,0.613574,8.9326,1.0568,2.019733333,1.73537479
18.57,61.9909,0.640078,9.204,1.0607,1.942733333,1.662404703
18.7224,61.5193,0.611841,8.9064,1.0653,1.9518,1.595069725
18.8748,62.0869,0.639255,8.7641,1.0688,2.029133333,1.608967614
19.0272,61.6157,0.624643,9.1172,1.0589,1.9959,1.60204366
19.1796,61.5585,0.646951,9.4064,1.0496,1.982066667,1.632704503
19.332,63.6893,0.670035,9.4875,1.044,1.963466667,1.619383355
19.4844,64.8288,0.68068,9.4935,1.0386,1.947633333,1.638622521
19.6368,65.4733,0.645457,9.4074,1.0463,1.909533333,1.624516128
19.7892,65.9904,0.598495,9.5753,1.0577,1.892333333,1.659541249
19.9416,67.4049,0.58454,10.0125,1.0682,1.830766667,1.688227269
20.094,65.9262,0.588123,10.5001,1.0736,1.816466667,1.652053827
20.2464,65.4369,0.606992,10.7319,1.0771,1.829733333,1.613633951
20.3988,65.8407,0.611095,10.5525,1.0783,1.829333333,1.615212439
20.5512,67.9179,0.577846,10.2824,1.0795,1.811833333,1.632906878
20.7036,69.8184,0.55598,9.936,1.0873,1.778,1.672977366
20.856,68.3075,0.575279,10.1166,1.0981,1.786466667,1.646944944
21.0084,67.8185,0.607997,10.0784,1.1117,1.817066667,1.609317887
21.1608,65.5521,0.618668,9.6736,1.1176,1.8167,1.541533634
21.3132,65.3336,0.600631,8.7121,1.1065,1.844633333,1.481358802
21.4656,65.0779,0.587157,8.9292,1.0715,1.944733333,1.457468123
21.618,68.3839,0.602358,8.9875,1.0063,2.025333333,1.445841769
21.7704,69.3611,0.582868,9.2951,0.9216,2.062433333,1.4446501
21.9228,67.97,0.602821,8.877,0.9181,2.0859,1.486185034
22.0752,64.8496,0.585649,9.2272,0.9406,2.113933333,1.554233572
22.2276,62.7856,0.561964,10.0195,1.0003,2.1554,1.708750588
22.38,62.824,0.550695,11.4345,1.0427,2.148066667,1.801135585
22.5324,63.9574,0.553042,12.8301,1.0779,2.187566667,1.833776935
22.6848,67.8749,0.558317,13.1781,1.0953,2.1809,1.778263504
22.8372,66.3942,0.571112,13.282,1.1005,2.1035,1.660205002
22.9896,64.15,0.578352,12.7016,1.0773,2.0234,1.606360537
23.142,61.8546,0.610493,12.0685,1.0515,1.962666667,1.586971756
23.2944,64.2875,0.569905,11.3428,1.0289,1.860666667,1.609106011
23.4468,67.5356,0.563148,11.7859,1.0197,1.7322,1.594616472
23.5992,67.4984,0.585246,10.8214,1.0204,1.6996,1.663163303
23.7516,67.4215,0.625886,9.5481,1.0312,1.629066667,1.701409375
23.904,66.3443,0.630719,9.0305,1.0303,1.580733333,1.696265957
24.0564,67.3294,0.594399,8.7691,1.0255,1.538666667,1.68257896
24.2088,67.0199,0.583859,8.8927,1.0178,1.529333333,1.712979282
24.3612,67.555,0.570229,8.9513,1.0215,1.491633333,1.665851704
24.5136,68.7336,0.592302,8.9136,1.027,1.460166667,1.679577925
24.666,69.0336,0.585908,8.9191,1.0348,1.440866667,1.677092002
24.8184,66.4355,0.587785,8.8129,1.037,1.4429,1.630090945
24.9708,61.9227,0.544122,8.7375,1.0373,1.4975,1.708304105
25.1232,62.9492,0.571185,8.5401,1.0368,1.528533333,1.73058687
25.2756,63.1599,0.591475,8.5709,1.0549,1.553766667,1.764676527
25.428,66.3067,0.622263,8.5777,1.0786,1.609166667,1.79425134
25.5804,65.7073,0.595085,8.7548,1.0807,1.613566667,1.751970218
25.7328,68.4172,0.594181,9.1636,1.0844,1.581333333,1.672698625
25.8852,66.4571,0.598764,9.48,1.0868,1.5778,1.67392878
26.0376,65.8405,0.616514,9.6892,1.0842,1.578366667,1.658576226
26.19,63.5724,0.590526,9.7303,1.0828,1.485333333,1.544947967
26.3424,66.6285,0.58766,9.1591,1.0812,1.502333333,1.588793134
26.4948,67.5473,0.548591,8.7483,1.0763,1.517133333,1.588844082
26.6472,69.9664,0.574731,8.6226,1.0731,1.5025,1.576772141
26.7996,69.9852,0.570641,8.626,1.0787,1.485466667,1.58191432
26.952,69.4354,0.602992,8.5835,1.076,1.409466667,1.447049475
27.1044,68.5026,0.550243,8.6214,1.0605,1.377633333,1.383890301
27.2568,66.0451,0.579415,8.7334,1.0343,1.366666667,1.319426323
27.4092,65.688,0.570608,8.8096,1.0319,1.3329,1.295371178
27.5616,64.5931,0.581,8.8602,1.0399,1.325333333,1.328868926
27.714,68.6511,0.540642,8.8182,1.0767,1.4115,1.44949862
27.8664,70.9557,0.562015,8.7175,1.097,1.470333333,1.456966102
28.0188,72.676,0.601992,8.6431,1.107,1.554666667,1.527228194
28.1712,69.6052,0.630325,8.6048,1.1138,1.700733333,1.641654043
28.3236,68.152,0.598391,8.601,1.1203,1.7597,1.635193753
28.476,66.6433,0.563638,8.5905,1.1192,1.7578,1.57528502
28.6284,64.8425,0.550721,8.5241,1.1157,1.760766667,1.554571467
28.7808,63.9153,0.616299,8.4804,1.0849,1.7276,1.503033546
28.9332,64.0343,0.613693,8.4288,1.0608,1.732233333,1.543432812
29.0856,64.0159,0.613026,8.3602,1.0591,1.736866667,1.54772245
29.238,62.8896,0.558105,8.4704,1.0583,1.74,1.557623831
29.3904,61.036,0.570231,8.5652,1.0558,1.754633333,1.597609745
29.5428,62.3536,0.581301,8.4786,1.0377,1.750833333,1.588641937
29.6952,64.5063,0.578762,8.4331,1.0183,1.762266667,1.572906395
29.8476,65.6759,0.636124,8.3801,0.9904,1.7621,1.633472219
30,65.4825,0.625275,8.5006,0.9864,1.703466667,1.659349124
30.1524,64.1188,0.631328,8.4939,0.9965,1.702366667,1.701935124
30.3048,64.8531,0.582165,8.4857,1.0148,1.7155,1.777310698
30.4572,64.5021,0.589641,8.4358,1.0226,1.719533333,1.804520781
30.6096,66.222,0.584437,8.4418,1.0298,1.706766667,1.839187895
30.762,69.5255,0.605716,8.4577,1.0359,1.713033333,1.8017901
30.9144,80.1722,0.607017,8.4369,1.033,1.692833333,1.784577132
31.0668,87.694,0.583758,8.4292,1.0367,1.817866667,1.91053561
31.2192,95.3609,0.573907,8.3716,1.0477,1.840266667,1.905872223
31.3716,96.8428,0.562498,8.379,1.0658,1.826633333,1.761647704
31.524,92.1111,0.580893,8.4649,1.0854,1.809033333,1.721801024
31.6764,78.8696,0.607577,8.4661,1.0898,1.8306,1.776023416
31.8288,68.4674,0.600421,8.4872,1.0848,1.849633333,1.795931782
31.9812,66.4587,0.584774,8.3293,1.0777,1.867833333,1.793253785
32.1336,68.2001,0.558848,8.3745,1.0754,1.8258,1.772643232
32.286,68.9384,0.567015,8.3552,1.0659,1.8227,1.777677158
32.4384,74.8335,0.589,8.3571,1.0459,1.808766667,1.720807711
32.5908,84.9288,0.572586,8.3498,1.0324,1.8338,1.749198815
32.7432,86.1368,0.566381,8.4069,1.0477,1.841,1.798069057
32.8956,79.3854,0.549168,8.4098,1.073,1.8634,1.795995872
33.048,69.5408,0.572133,8.4839,1.0887,1.771666667,1.676742742
33.2004,67.3393,0.564763,8.4693,1.0566,1.7087,1.627462199
33.3528,66.169,0.577737,8.481,0.988,1.707966667,1.762429204
33.5052,65.7216,0.565477,8.4796,0.9379,1.7243,1.812264277
33.6576,64.7418,0.531975,8.5289,0.9149,1.680766667,1.72794245
33.81,67.4737,0.525102,8.5493,0.92,1.6335,1.656224054
33.9624,68.7283,0.539118,8.5372,0.9608,1.6472,1.653552447
34.1148,69.4959,0.576151,8.3903,1.0104,1.710233333,1.651142891
34.2672,67.1398,0.581049,8.2873,1.0528,1.7004,1.598039395
34.4196,65.0901,0.559683,8.329,1.074,1.697733333,1.540111596
34.572,73.251,0.590305,8.4092,1.0642,1.6988,1.509646921
34.7244,83.2375,0.590996,8.471,1.0591,1.700633333,1.507433835
34.8768,89.0342,0.556018,8.5234,1.0659,1.7234,1.549054692
35.0292,80.701,0.527161,8.5045,1.0803,1.744566667,1.585444284
35.1816,71.0922,0.533289,8.4472,1.0954,1.816366667,1.678935287
35.334,68.1535,0.575177,8.474,1.0936,1.7848,1.702421714
35.4864,67.916,0.565916,8.478,1.0916,1.7629,1.619197854
35.6388,64.755,0.567847,8.4011,1.0869,1.725966667,1.592283255
35.7912,68.3311,0.545584,8.3994,1.0792,1.777233333,1.619325614
35.9436,77.7497,0.557895,8.4134,1.0744,1.758666667,1.616904457
36.096,84.9412,0.545018,8.4706,1.0733,1.683433333,1.641374661
36.2484,80.3024,0.569947,8.5436,1.0756,1.635766667,1.689972676
36.4008,68.9626,0.518337,8.479,1.0699,1.565866667,1.691351998
36.5532,64.7833,0.515389,8.4013,1.0557,1.521266667,1.756746746
36.7056,63.6297,0.498539,8.3618,1.0333,1.460066667,1.71969691
36.858,66.0876,0.57154,8.3981,1.0163,1.430233333,1.704318782
37.0104,65.2809,0.574256,8.4788,1.0285,1.384766667,1.679701336
37.1628,64.9652,0.591057,8.4807,1.0746,1.392733333,1.702486925
37.3152,66.2852,0.569647,8.4129,1.0998,1.345633333,1.649541562
37.4676,74.7815,0.56246,8.3167,1.1186,1.349766667,1.717393115
37.62,84.1835,0.560743,8.3481,1.1123,1.3667,1.756942593
37.7724,92.6681,0.54001,8.3326,1.0988,1.364766667,1.766500716
37.9248,87.4296,0.564771,8.317,1.0826,1.3696,1.779929148
38.0772,87.9115,0.558889,8.3629,1.0585,1.3628,1.709312969
38.2296,86.4654,0.564801,8.4405,1.0276,1.378866667,1.745711445
38.382,91.1275,0.533443,8.507,1.013,1.3844,1.753920743
38.5344,89.8157,0.526384,8.508,1.0176,1.419133333,1.780718034
38.6868,92.4494,0.5438,8.4709,1.0368,1.474366667,1.872968597
38.8392,95.0116,0.547075,8.445,1.0433,1.503666667,1.956523709
38.9916,94.7997,0.533388,8.4427,1.0063,1.501433333,1.973446962
39.144,90.6149,0.518312,8.4763,0.9655,1.489666667,1.982470686
39.2964,91.4753,0.532901,8.4805,0.9702,1.5345,2.072036273
39.4488,93.5448,0.532519,8.4659,0.9912,1.541666667,2.064645528
39.6012,94.5014,0.540131,8.4535,1.0317,1.544766667,2.047650388
39.7536,93.2882,0.553861,8.4082,1.0677,1.5518,2.048469712
39.906,91.7446,0.576045,8.3894,1.087,1.558233333,2.03507372
40.0584,91.2821,0.578381,8.413,1.0943,1.585333333,2.118060769
40.2108,89.7554,0.521933,8.44,1.0959,1.605466667,2.113534618
40.3632,90.6148,0.525725,8.4049,1.09,1.6269,2.154694446
40.5156,89.1812,0.507416,8.3917,1.0865,1.605766667,2.136590706
40.668,90.2185,0.52485,8.3644,1.0828,1.581533333,2.093459254
40.8204,91.0675,0.539971,8.4536,1.075,1.525766667,1.977670324
40.9728,96.042,0.566023,8.4708,1.0656,1.557866667,1.982723308
41.1252,96.6193,0.549017,8.4992,1.0555,1.557566667,1.969589004
41.2776,96.9432,0.537225,8.4976,1.0454,1.558066667,1.929718683
41.43,94.2814,0.527195,8.533,1.0381,1.567,1.909465737
41.5824,95.4917,0.556462,8.5539,1.0347,1.5906,1.938828746
41.7348,96.0221,0.575258,8.5318,1.0343,1.5887,1.937930359
41.8872,97.3117,0.569634,8.4864,1.0367,1.573833333,1.932115095
42.0396,95.5678,0.565345,8.5218,1.0419,1.5683,1.907840055
42.192,95.6685,0.550568,8.5272,1.0457,1.5415,1.870243901
42.3444,95.1682,0.581882,8.5112,1.0431,1.523733333,1.850741886
42.4968,97.8248,0.597452,8.4316,1.0392,1.507533333,1.799906974
42.6492,99.9876,0.598687,8.3647,1.0349,1.504633333,1.787457029
42.8016,101.7623,0.587495,8.3834,1.0368,1.4969,1.771903409
42.954,100.3672,0.596707,8.3408,1.0402,1.434133333,1.707830939
43.1064,97.1286,0.573916,8.305,1.0416,1.4107,1.693584781
43.2588,95.5899,0.575495,8.3653,1.041,1.3905,1.695654913
43.4112,92.4821,0.564205,8.4194,1.035,1.3511,1.722634056
43.5636,93.0515,0.595779,8.4706,1.0264,1.289433333,1.688884951
43.716,90.822,0.568825,8.3874,1.0181,1.2524,1.658479717
43.8684,94.5822,0.550557,8.4424,1.0237,1.2657,1.702082825
44.0208,94.351,0.539775,8.6411,1.032,1.280066667,1.746906102
44.1732,96.7038,0.541882,8.6253,1.0429,1.289566667,1.75614864
44.3256,94.5058,0.553046,8.5233,1.0503,1.312433333,1.781597161
44.478,95.2897,0.524308,8.4046,1.0465,1.320333333,1.812877847
44.6304,92.9393,0.521148,8.4538,1.033,1.318333333,1.79104257
44.7828,90.4346,0.511629,8.478,1.0321,1.3497,1.871754153
44.9352,88.8977,0.53394,8.4203,1.0357,1.393566667,1.9174023
45.0876,90.6037,0.555678,8.4555,1.0397,1.420333333,1.913934087
45.24,94.6576,0.556357,8.4821,1.0301,1.424666667,1.934617591
45.3924,97.8189,0.555263,8.5347,1.021,1.450266667,1.910722288
45.5448,99.5693,0.534479,8.568,1.017,1.504833333,1.99959431
45.6972,97.5158,0.56009,8.7193,1.0196,1.518033333,1.959917898
45.8496,95.6195,0.567194,8.7467,1.0283,1.4856,1.890366518
46.002,94.9418,0.585113,8.7701,1.0422,1.427766667,1.801443822
46.1544,96.6448,0.583511,8.7952,1.0491,1.374233333,1.758489573
46.3068,95.2271,0.58243,8.9389,1.047,1.3821,1.802948
46.4592,94.7786,0.576318,9.0758,1.0462,1.364733333,1.801607984
46.6116,96.9355,0.555335,9.25,1.0504,1.3938,1.817337969
46.764,97.6914,0.5574,9.4112,1.0554,1.4268,1.814170047
46.9164,99.2763,0.564872,9.3274,1.0594,1.416566667,1.793034015
47.0688,96.3483,0.556631,9.1746,1.0556,1.3983,1.761169898
47.2212,95.144,0.552029,9.1377,1.0536,1.390266667,1.730552627
47.3736,93.1581,0.554037,9.2191,1.059,1.351266667,1.666906535
47.526,86.9206,0.576952,9.3657,1.0706,1.300666667,1.56323972
47.6784,91.236,0.547079,9.4315,1.0891,1.288233333,1.580494114
47.8308,92.4069,0.565905,9.2596,1.1034,1.323233333,1.609587974
47.9832,100.3726,0.552583,8.9205,1.098,1.369333333,1.654450449
48.1356,96.4682,0.592821,8.6255,1.0641,1.390833333,1.647385142
48.288,96.2937,0.545903,8.6279,1.0477,1.3712,1.576427235
48.4404,93.3554,0.566437,8.7834,1.0434,1.3803,1.563348312
48.5928,93.7182,0.560175,8.9299,1.0567,1.345233333,1.509381942
48.7452,93.4943,0.579258,9.0959,1.0666,1.2865,1.43847509
48.8976,94.8167,0.566937,9.2826,1.063,1.299666667,1.474357427
49.05,94.2929,0.567061,9.358,1.0436,1.325133333,1.522516464
49.2024,93.7343,0.558836,9.2701,1.0282,1.3714,1.568764155
49.3548,96.9784,0.548293,9.1241,1.0183,1.4393,1.6121104
49.5072,100.9736,0.544386,9.1781,1.0178,1.481466667,1.627957242
49.6596,101.0017,0.56172,9.2378,1.0248,1.506133333,1.579321621
49.812,96.3637,0.626753,9.3592,1.0588,1.455166667,1.504884715
49.9644,94.0839,0.642525,9.4661,1.098,1.5054,1.514653065
50.1168,93.6363,0.640743,9.5168,1.1224,1.5618,1.559740671
50.2692,96.9449,0.545396,9.4763,1.1059,1.6188,1.578352483
50.4216,94.7645,0.567793,9.4802,1.0794,1.655033333,1.548461742
50.574,93.435,0.549589,9.5826,1.0413,1.7444,1.601493607
50.7264,89.4876,0.578886,9.7127,0.9954,1.838833333,1.666051561
50.8788,90.8448,0.563923,9.7961,0.9603,1.803533333,1.567852794
51.0312,93.9626,0.569071,9.879,0.9526,1.797066667,1.523186592
51.1836,95.0078,0.586683,9.888,0.9799,1.7533,1.46192613
51.336,94.5993,0.599874,9.7166,1.0454,1.836366667,1.544908573
51.4884,91.7623,0.60267,9.5859,1.0957,1.9216,1.592818353
51.6408,91.7465,0.607742,9.4322,1.1114,1.9513,1.648261875
51.7932,92.7383,0.559092,9.5682,1.0819,1.945,1.708202018
51.9456,93.9427,0.574595,9.6233,0.9988,1.8971,1.67938936
52.098,95.8868,0.553509,9.6439,0.9281,1.9143,1.715199369
52.2504,94.6356,0.567654,9.7241,0.9262,1.9009,1.741320808
52.4028,92.7779,0.578591,9.7339,1.0012,1.908166667,1.790472974
52.5552,91.6437,0.586373,9.4416,1.0877,1.863533333,1.786998615
52.7076,90.4362,0.579919,9.0962,1.1165,1.829766667,1.778430613
52.86,91.721,0.561862,8.9083,1.0957,1.8297,1.823665177
53.0124,88.0211,0.576547,8.869,1.065,1.848533333,1.887556582
53.1648,87.4006,0.606208,8.8403,1.0562,1.832066667,1.910852269
53.3172,85.9146,0.601589,8.8298,1.0496,1.764366667,1.890830902
53.4696,87.4904,0.603719,8.8255,1.045,1.6971,1.834090789
53.622,88.844,0.582013,8.7762,1.0387,1.6864,1.833468473
53.7744,89.789,0.671851,8.8967,1.0307,1.7648,1.850264439
53.9268,89.1175,0.6306,9.0141,1.021,1.808466667,1.875001577
54.0792,89.3411,0.620966,9.0516,1.0073,1.796333333,1.827911966
54.2316,91.1358,0.543033,9.0858,0.995,1.738666667,1.766743017
54.384,93.7526,0.574408,9.1247,0.988,1.734733333,1.72115678
54.5364,95.2055,0.57739,9.0585,0.9781,1.839066667,1.736085442
54.6888,95.0511,0.580297,9.0553,0.9678,1.853133333,1.703477242
54.8412,93.965,0.560144,8.9358,0.9636,1.8769,1.690567781
54.9936,90.9477,0.540498,8.767,0.974,1.865866667,1.700846529
55.146,87.7739,0.544238,9.0074,0.9882,1.906866667,1.73337095
55.2984,86.8395,0.557234,9.3115,1.0036,1.904233333,1.711278268
55.4508,87.4864,0.567741,9.3882,1.0232,1.905,1.731874303
55.6032,89.4095,0.602902,9.2798,1.0335,1.9141,1.72084048
55.7556,91.3333,0.589701,8.9296,1.0206,1.794233333,1.645218824
55.908,93.7454,0.612439,8.6414,1.0149,1.724,1.664966626
56.0604,93.8696,0.586194,8.6275,1.0128,1.67,1.662199787
56.2128,92.5696,0.589091,8.7229,1.0119,1.715266667,1.690520707
56.3652,91.2568,0.592555,8.7009,1.0111,1.718666667,1.723355106
56.5176,90.466,0.591161,8.6157,1.0153,1.750833333,1.965092162
56.67,90.1674,0.590676,8.6333,1.0199,1.762,2.073198366
56.8224,87.3833,0.618439,8.6861,1.0204,1.7823,2.2302965
56.9748,86.4358,0.616336,8.6949,1.0158,1.709033333,2.174887039
57.1272,82.9524,0.607768,8.6507,1.0115,1.6673,2.114321864
57.2796,84.4689,0.593941,8.6523,1.0094,1.708233333,2.158922751
57.432,86.3625,0.605378,8.8172,1.0117,1.731933333,2.205016038
57.5844,91.5918,0.665924,8.989,1.0152,1.6932,2.168838651
57.7368,94.5986,0.627345,9.073,1.0196,1.745466667,2.240588803
57.8892,96.0993,0.603307,9.0551,1.0298,1.757133333,2.27498426
58.0416,95.4231,0.554086,8.9034,1.0409,1.786533333,2.26137617
58.194,92.1241,0.548097,8.733,1.0496,1.6782,2.135626487
58.3464,89.0623,0.553013,8.563,1.0527,1.659066667,2.017214845
58.4988,88.8744,0.55813,8.4683,1.0538,1.479566667,1.660637783
58.6512,90.6908,0.570846,8.4781,1.0529,1.452766667,1.636368493
58.8036,95.3163,0.57555,8.7198,1.0534,1.4866,1.619031534
58.956,94.8555,0.546331,8.9686,1.0434,1.4893,1.563025765
59.1084,95.4913,0.56569,9.1443,1.0168,1.523033333,1.559654652
59.2608,94.6836,0.559222,9.2652,0.9888,1.6022,1.593984471
59.4132,98.571,0.599438,9.3646,0.9776,1.627366667,1.592447811
59.5656,96.8043,0.577065,9.282,0.9804,1.6567,1.605272233
59.718,93.3708,0.564945,9.2325,0.994,1.702566667,1.594771325
59.8704,91.8492,0.576148,9.2201,1.0145,1.713266667,1.566281838
60.0228,92.4609,0.568896,9.1653,1.0316,1.7422,1.5793347
60.1752,93.9427,0.59186,9.1706,1.0447,1.7782,1.567752668
60.3276,93.5194,0.577756,9.3855,1.0557,1.756366667,1.521161519
60.48,94.3134,0.552087,9.3976,1.0551,1.7485,1.488127767
60.6324,95.714,0.534179,9.013,1.0435,1.712033333,1.45244386
60.7848,96.7736,0.532933,8.7053,1.0321,1.714366667,1.418907502
60.9372,95.7896,0.53911,8.6387,1.029,1.768833333,1.475771145
61.0896,95.2993,0.552977,8.6578,1.0331,1.7796,1.48391223
61.242,95.0992,0.544773,8.6544,1.0391,1.739666667,1.439670688
61.3944,98.0857,0.563108,8.6725,1.0428,1.761966667,1.45114039
61.5468,99.9054,0.550226,8.7104,1.0445,1.7544,1.442564235
61.6992,99.7477,0.561887,8.6947,1.043,1.711066667,1.408936477
61.8516,98.762,0.573398,8.9155,1.0332,1.734266667,1.455084463
62.004,96.1323,0.598684,9.112,1.013,1.725133333,1.451518647
62.1564,93.3717,0.567013,8.9067,0.9902,1.7448,1.478538138
62.3088,92.4229,0.560116,8.7262,0.9871,1.792466667,1.511162394
62.4612,91.0556,0.568211,8.4597,0.9903,1.782033333,1.501045957
62.6136,91.7409,0.567667,8.5208,0.991,1.820666667,1.526819927
62.766,91.7504,0.554426,8.5901,0.9889,1.808066667,1.516680145
62.9184,92.5735,0.548938,8.5684,0.9865,1.837833333,1.517894926
63.0708,94.7213,0.558834,8.7286,0.9872,1.847533333,1.507517777
63.2232,97.4769,0.574924,8.9478,0.9835,1.846766667,1.490477031
63.3756,97.6192,0.566581,8.928,0.9703,1.827866667,1.498950071
63.528,97.1463,0.578813,8.728,0.965,1.832633333,1.51456963
63.6804,95.3133,0.608699,8.613,0.9817,1.834433333,1.550530806
63.8328,97.2337,0.609943,8.6047,1.0052,1.752766667,1.469736953
63.9852,96.7,0.607959,8.6757,1.0256,1.749866667,1.470536087
64.1376,95.5248,0.582831,8.9541,1.0427,1.721733333,1.475580878
64.29,92.9186,0.574699,9.139,1.0608,1.679266667,1.425288881
64.4424,91.9042,0.566831,9.4296,1.0651,1.7291,1.484656534
64.5948,89.6597,0.562099,9.5992,1.0679,1.7866,1.55547396
64.7472,90.4594,0.552952,9.7052,1.0678,1.7741,1.54231716
64.8996,91.0482,0.551252,9.5201,1.0605,1.702466667,1.545080057
65.052,91.7897,0.582704,9.1562,1.0524,1.704933333,1.601417641
65.2044,93.0171,0.577957,9.241,1.0564,1.711833333,1.669457319
65.3568,96.3115,0.612161,9.2584,1.0675,1.6969,1.67010693
65.5092,98.5788,0.564609,9.5417,1.066,1.667,1.681899898
65.6616,99.4026,0.572426,9.846,1.0601,1.648066667,1.66367681
65.814,95.6273,0.569102,9.9723,1.057,1.688433333,1.710032606
65.9664,96.0202,0.599431,9.9411,1.0592,1.716,1.742194459
66.1188,92.4731,0.66192,10.1016,1.0637,1.751833333,1.774846718
66.2712,92.1872,0.620293,10.2071,1.0659,1.772966667,1.794061565
66.4236,90.5479,0.568337,10.1665,1.0669,1.7261,1.718836629
66.576,92.699,0.534246,9.9917,1.0747,1.689266667,1.6798616
66.7284,89.2109,0.550465,9.7457,1.077,1.6462,1.629305689
66.8808,88.6925,0.565591,9.4441,1.0589,1.650066667,1.658000521
67.0332,88.2665,0.556724,9.213,1.034,1.626666667,1.64614026
67.1856,92.7463,0.531894,8.9686,1.0026,1.560366667,1.614889934
67.338,93.9107,0.543043,8.9149,0.9925,1.545266667,1.621234857
67.4904,94.3834,0.579361,9.0884,0.993,1.5382,1.60068634
67.6428,97.9347,0.599993,9.3459,0.996,1.537233333,1.540361661
67.7952,99.6892,0.628994,9.46,1.0041,1.524066667,1.472468131
67.9476,99.5822,0.568361,9.738,1.0188,1.541,1.475477279
68.1,96.3406,0.579667,10.0356,1.0394,1.492866667,1.437274475
68.2524,95.4832,0.556563,10.1772,1.057,1.459866667,1.425709057
68.4048,97.5288,0.577172,10.1106,1.0666,1.494133333,1.499719635
68.5572,99.0308,0.574127,9.9571,1.0657,1.5082,1.47754139
68.7096,99.7994,0.578895,10.095,1.0622,1.518833333,1.533337973
68.862,98.3054,0.591799,10.2931,1.0601,1.513766667,1.574639889
69.0144,99.2542,0.622425,10.5584,1.0609,1.5338,1.536616747
69.1668,97.6033,0.634765,10.6083,1.0626,1.557433333,1.520895541
69.3192,99.2146,0.627133,10.5084,1.0587,1.578466667,1.521353536
69.4716,98.8816,0.592158,10.4373,1.0535,1.581166667,1.482276742
69.624,101.2763,0.573961,10.2733,1.0447,1.627466667,1.567202917
69.7764,100.9398,0.571972,10.0807,1.0333,1.629733333,1.603628177
69.9288,98.8356,0.589545,9.745,1.0297,1.586433333,1.553191847
70.0812,95.5178,0.59466,9.2873,1.0413,1.6409,1.640785734
70.2336,93.69,0.595975,9.1364,1.0416,1.665833333,1.667887868
70.386,94.7158,0.61036,9.1201,1.0323,1.6698,1.573130793
70.5384,96.7334,0.566176,9.0725,1.05,1.703833333,1.679203206
70.6908,97.4011,0.587593,9.1257,1.065,1.7247,1.714807028
70.8432,95.3014,0.537992,9.2711,1.0632,1.7116,1.695620586
70.9956,95.8074,0.563141,9.8672,1.0565,1.6797,1.675394922
71.148,94.8981,0.525622,10.4828,1.0549,1.625466667,1.627025174
71.3004,96.1789,0.537854,10.5378,1.0569,1.562233333,1.544577325
71.4528,95.4577,0.546712,9.7139,1.0622,1.568566667,1.57773903
71.6052,96.0207,0.55467,9.2016,1.0669,1.464333333,1.439320588
71.7576,93.697,0.566238,8.9209,1.0635,1.485333333,1.467922553
71.91,93.6863,0.556541,8.6892,1.052,1.4959,1.464486881
72.0624,93.0941,0.563464,8.7313,1.0563,1.503766667,1.430130919
72.2148,93.6756,0.574861,8.7447,1.0872,1.538666667,1.452936666
72.3672,93.4627,0.575262,8.774,1.0977,1.498233333,1.500327691
72.5196,92.0372,0.589449,8.8016,1.0952,1.495066667,1.47820693
72.672,93.6165,0.549662,8.7404,1.0552,1.5565,1.492000218
72.8244,93.4568,0.545339,8.6484,0.9864,1.6084,1.493834185
72.9768,94.3595,0.554929,8.6266,0.9543,1.636033333,1.500863362
73.1292,93.2059,0.571221,8.6803,0.92,1.683,1.535344044
73.2816,91.9298,0.568397,8.732,0.9326,1.6837,1.516253654
73.434,92.1296,0.558937,8.7345,0.9899,1.687033333,1.548125371
73.5864,92.4922,0.552809,8.6017,1.0497,1.7216,1.622564895
73.7388,92.8517,0.55414,8.6785,1.0497,1.711633333,1.643020135
73.8912,93.5381,0.541646,8.8212,1.0339,1.705166667,1.686259017
74.0436,93.1269,0.544371,9.1578,1.0237,1.666433333,1.665429068
74.196,93.2839,0.543915,9.3503,1.0187,1.672,1.659142349
74.3484,92.3482,0.539671,9.364,1.0234,1.707933333,1.69353435
74.5008,90.8781,0.538992,9.019,1.0427,1.7375,1.736826891
74.6532,90.5039,0.561556,8.7395,1.0581,1.787433333,1.829637171
74.8056,88.3801,0.574972,8.5624,1.0616,1.772233333,1.836334568
74.958,88.9344,0.587637,8.5412,1.0481,1.775566667,1.850484147
75.1104,87.4928,0.571393,8.5236,1.0317,1.7988,1.855129922
75.2628,89.5839,0.546211,8.5908,1.0199,1.816666667,1.857149991
75.4152,91.8128,0.522254,8.4462,1.0219,1.8293,1.850595925
75.5676,92.5838,0.532901,8.4549,1.0204,1.9081,1.846185443
75.72,94.4715,0.53715,8.5072,1.0111,1.9499,1.827456709
75.8724,93.7152,0.567569,8.5226,0.9958,1.962,1.793788393
76.0248,94.7438,0.555639,8.5455,0.9802,2.003333333,1.817859938
76.1772,88.8821,0.561535,8.568,0.9621,2.0494,1.877431288
76.3296,87.1717,0.506425,8.6629,0.9543,2.079233333,1.88785472
76.482,86.3741,0.513752,8.8158,0.9722,2.060733333,1.846658495
76.6344,87.844,0.512657,8.8831,1.015,1.982666667,1.778176638
76.7868,88.9425,0.589298,8.9451,1.0711,1.990533333,1.823675569
76.9392,90.3152,0.563248,9.027,1.1035,1.946933333,1.781924165
77.0916,96.3393,0.544455,9.0968,1.0962,1.8829,1.765955461
77.244,97.1223,0.534288,9.1554,1.0615,1.906033333,1.801815371
77.3964,98.0414,0.542821,9.0723,1.0469,1.936633333,1.824052676
77.5488,95.4535,0.540998,9.0599,1.0408,1.981066667,1.837799008
77.7012,96.3654,0.540362,9.0317,1.0583,1.955766667,1.809536767
77.8536,94.9326,0.529271,9.1577,1.1021,1.965733333,1.781241663
78.006,97.0799,0.52421,9.1971,1.1143,1.869233333,1.695303428
78.1584,97.7372,0.516612,9.2094,1.1046,1.812466667,1.671252758
78.3108,100.074,0.529549,9.3369,1.0931,1.792033333,1.684759102
78.4632,100.0929,0.552211,9.4327,1.0885,1.738666667,1.680283475
78.6156,99.6177,0.541905,9.5301,1.0894,1.760366667,1.709544335
78.768,97.4646,0.573708,9.4678,1.0959,1.754433333,1.697735603
78.9204,95.7207,0.587902,9.3152,1.108,1.7408,1.681645987
79.0728,97.8771,0.619318,9.1806,1.1113,1.783433333,1.709474708
79.2252,96.9525,0.59508,9.0951,1.1068,1.7873,1.704829906
79.3776,96.6144,0.590238,9.1825,1.1045,1.787166667,1.718171569
79.53,93.9272,0.570472,9.2424,1.0907,1.746766667,1.710925065
79.6824,98.3388,0.549961,9.1433,1.0835,1.722,1.595884415
79.8348,99.7203,0.541632,8.9147,1.0914,1.729066667,1.574446399
79.9872,98.7778,0.55391,8.8351,1.1015,1.8073,1.597625971
80.1396,93.5384,0.573148,8.8057,1.1035,1.8293,1.635093823
80.292,92.2055,0.571515,8.8859,1.1037,1.860233333,1.56706534
80.4444,94.1888,0.574337,9.0208,1.101,1.8843,1.55998558
80.5968,96.6326,0.56747,9.0383,1.0865,1.8956,1.519698887
80.7492,95.3678,0.593343,9.093,1.0542,1.958766667,1.511307374
80.9016,94.7723,0.571985,8.8924,1.0102,2.011066667,1.550811872
81.054,95.2558,0.551563,8.7113,0.9941,2.071066667,1.625956189
81.2064,95.7795,0.559497,8.512,0.9784,2.079533333,1.656567973
81.3588,97.215,0.559918,8.4912,0.9603,2.048266667,1.635245607
81.5112,99.0039,0.582393,8.4945,0.9777,2.058533333,1.671480137
81.6636,99.4923,0.56942,8.6047,1.018,2.111866667,1.793580678
81.816,96.2694,0.564025,8.6112,1.0633,2.0927,1.764764539
81.9684,92.1816,0.546641,8.624,1.1046,2.110566667,1.801232165
82.1208,90.7271,0.54115,8.52,1.1296,2.113733333,1.863114184
82.2732,93.38,0.556476,8.5726,1.1361,2.0179,1.778543737
82.4256,94.8456,0.583812,8.7778,1.1362,1.984966667,1.768798302
82.578,96.5143,0.630579,9.1088,1.1435,1.991233333,1.830362836
82.7304,95.738,0.593245,9.3325,1.1505,1.9224,1.853618382
82.8828,94.1864,0.591449,9.2367,1.1471,1.976366667,1.931265638
83.0352,94.7884,0.544537,9.1998,1.1472,1.988633333,1.940139574
83.1876,94.6331,0.596697,8.8715,1.1512,1.9967,1.936481176
83.34,95.7559,0.565457,8.8203,1.1249,1.974566667,1.937199158
83.4924,94.1173,0.579752,8.8341,1.0413,2.0026,1.93190427
83.6448,95.1251,0.569021,9.3917,0.8833,2.015933333,1.965599738
83.7972,95.9173,0.594393,9.7867,0.8349,1.9947,1.866505633
83.9496,97.2882,0.594076,10.0528,0.8601,1.9008,1.814789013
84.102,97.9853,0.598675,10.111,0.9456,1.8942,1.79100734
84.2544,96.7171,0.605947,10.2561,1.002,1.898766667,1.812900782
84.4068,93.1168,0.573616,9.9112,1.0275,1.826133333,1.70461348
84.5592,90.031,0.55428,9.4595,1.0411,1.7106,1.630036413
84.7116,89.7948,0.545482,9.0975,1.0471,1.678766667,1.633101521
84.864,93.9503,0.567343,9.2096,1.0742,1.6143,1.595265603
85.0164,93.7846,0.562096,9.0009,1.0976,1.536666667,1.561213147
85.1688,94.1862,0.525206,8.8007,1.0406,1.490133333,1.530933718
85.3212,92.9449,0.52967,8.5724,1.0121,1.4869,1.553442765
85.4736,96.906,0.537366,8.6089,1.0151,1.458533333,1.586162323
85.626,92.9279,0.53938,8.6947,1.0186,1.469766667,1.60745216
85.7784,91.8762,0.541503,8.8479,1.0214,1.395433333,1.543512589
85.9308,90.2905,0.515804,8.9523,1.0278,1.3854,1.574412538
86.0832,96.3637,0.557137,8.9751,1.0408,1.351766667,1.544072638
86.2356,98.0882,0.545837,8.9057,1.0435,1.375233333,1.55396415
86.388,95.8905,0.565765,8.8554,1.0345,1.395366667,1.545875965
86.5404,95.5055,0.539037,8.7645,1.035,1.369566667,1.499092274
86.6928,97.3973,0.531351,8.8318,1.0405,1.335566667,1.453322944
86.8452,100.0916,0.517225,8.9217,1.0384,1.410333333,1.479120422
86.9976,99.9859,0.519536,9.1591,1.0268,1.4326,1.502728155
87.15,99.1124,0.535587,9.1949,1.0118,1.437333333,1.527984671
87.3024,98.1142,0.557058,9.2178,1.0005,1.429833333,1.53026231
87.4548,98.4788,0.570073,9.0656,1.0006,1.423833333,1.54677581
87.6072,97.6138,0.54461,8.8,1.0093,1.4051,1.551685736
87.7596,100.5037,0.576224,8.5283,1.0199,1.431066667,1.565701034
87.912,101.4021,0.575698,8.4573,1.0346,1.459266667,1.566821622
88.0644,102.5983,0.589689,8.4273,1.049,1.465866667,1.588754958
88.2168,102.9814,0.551974,8.4851,1.0495,1.493666667,1.634340118
88.3692,104.0515,0.54525,8.5232,1.0381,1.4779,1.64027663
88.5216,102.3288,0.549284,8.6017,1.0229,1.552466667,1.741284482
88.674,98.548,0.53901,8.6235,1.0188,1.595066667,1.798853763
88.8264,96.5064,0.539365,8.6165,1.0264,1.531433333,1.809701461
88.9788,96.5904,0.553023,8.6372,1.0356,1.527133333,1.766916613
89.1312,96.3305,0.553706,8.6278,1.0358,1.5061,1.716761571
89.2836,92.6255,0.565227,8.646,1.0384,1.5343,1.726184466
89.436,91.9951,0.545951,8.7563,1.0418,1.561066667,1.685999208
89.5884,91.6124,0.558473,8.9621,1.0447,1.6009,1.632720641
89.7408,95.6829,0.550352,9.0302,1.0478,1.613,1.658807624
89.8932,94.9611,0.556077,9.0164,1.0532,1.599033333,1.641842491
90.0456,94.7135,0.560151,9.051,1.055,1.597333333,1.630742271
90.198,93.2048,0.559768,8.8028,1.0522,1.562466667,1.559432904
90.3504,94.0946,0.545165,8.7826,1.0472,1.5643,1.483414893
90.5028,95.0329,0.546373,8.5515,1.0474,1.556666667,1.402234748
90.6552,94.6062,0.540575,8.6147,1.057,1.567666667,1.406108705
90.8076,93.3161,0.545078,8.5329,1.0707,1.613333333,1.432442537
90.96,92.3115,0.54915,8.5317,1.0768,1.6126,1.445048248
91.1124,94.3875,0.544165,8.5749,1.0689,1.661,1.478291153
91.2648,94.4019,0.546798,8.6878,1.0648,1.650966667,1.49807878
91.4172,93.6909,0.520436,8.702,1.0689,1.5955,1.467739231
91.5696,91.5868,0.525696,8.6826,1.0694,1.61,1.496190941
91.722,92.0992,0.539225,8.6405,1.0619,1.6172,1.508886729
91.8744,92.897,0.563789,8.5787,1.0566,1.641133333,1.53793467
92.0268,90.9026,0.574522,8.5414,1.0571,1.679266667,1.556295622
92.1792,92.248,0.563077,8.6383,1.0567,1.691866667,1.58090794
92.3316,93.4781,0.574605,8.7269,1.0572,1.719033333,1.615680713
92.484,96.0505,0.56738,8.7608,1.0569,1.753866667,1.627281449
92.6364,94.0561,0.57038,8.83,1.0536,1.811733333,1.608467882
92.7888,95.2113,0.549921,8.9514,1.0472,1.784533333,1.576819494
92.9412,95.0014,0.554057,9.0133,1.042,1.750733333,1.598673741
93.0936,96.7691,0.544988,8.9328,1.0429,1.753733333,1.674199011
93.246,94.5178,0.570418,9.1364,1.0486,1.710566667,1.6694638
93.3984,96.5359,0.574396,9.5821,1.0537,1.6504,1.62259682
93.5508,94.1992,0.581015,9.6471,1.0547,1.622333333,1.583964885
93.7032,91.2084,0.553705,9.6295,1.0521,1.653666667,1.589393728
93.8556,85.6197,0.55602,9.9154,1.0466,1.650333333,1.602359517
94.008,87.2629,0.549487,9.9065,1.0422,1.6676,1.627554312
94.1604,86.7261,0.552217,9.7586,1.0432,1.666633333,1.657905918
94.3128,89.0935,0.546013,9.1864,1.0461,1.639566667,1.685235388
94.4652,86.1344,0.544194,9.5183,1.0544,1.6022,1.691631962
94.6176,89.0293,0.548887,9.7071,1.0673,1.5637,1.7178401
94.77,89.4953,0.549713,9.8073,1.0733,1.5266,1.634332108
94.9224,90.7345,0.561233,8.9445,1.0759,1.4987,1.631273882
95.0748,91.6653,0.55889,8.5734,1.0743,1.5121,1.619802361
95.2272,85.8144,0.571714,8.5185,1.0629,1.481066667,1.52294828
95.3796,87.6224,0.576,8.6009,1.0517,1.5354,1.600001596
95.532,87.2212,0.588274,8.5289,1.0443,1.534766667,1.577945979
95.6844,96.3979,0.578861,8.6224,1.0372,1.500033333,1.548943005
95.8368,98.8579,0.572736,8.6981,1.0302,1.480533333,1.493916257
95.9892,101.1222,0.559428,8.6843,1.0317,1.418966667,1.412211185
96.1416,99.3508,0.560949,8.6758,1.0455,1.379466667,1.357795511
96.294,99.342,0.573094,8.6666,1.0563,1.386633333,1.335214352
96.4464,96.4558,0.587445,8.7115,1.0593,1.396033333,1.323139662
96.5988,96.0946,0.599304,8.8051,1.0655,1.414166667,1.329241114
96.7512,96.4771,0.574985,8.8395,1.0738,1.425433333,1.378801477
96.9036,100.929,0.579804,9.0639,1.0747,1.442266667,1.361178116
97.056,104.1668,0.557067,9.1872,1.0688,1.419466667,1.376596618
97.2084,106.0359,0.555732,8.89,1.0575,1.449266667,1.486723667
97.3608,103.6898,0.550201,9.3574,1.0457,1.377566667,1.431811596
97.5132,102.2021,0.56617,9.7468,1.0284,1.3756,1.500619663
97.6656,99.1963,0.598737,9.7775,1.0161,1.413766667,1.569705273
97.818,98.6589,0.572624,9.7295,1.0295,1.3954,1.543937317
97.9704,96.3743,0.592854,9.9229,1.0422,1.4369,1.570713709
98.1228,95.3666,0.57881,10.2308,1.056,1.455266667,1.574208731
98.2752,96.2335,0.614008,10.38,1.0748,1.454033333,1.538136242
98.4276,97.1736,0.582645,10.3294,1.0866,1.481666667,1.514950392
98.58,97.3228,0.548484,10.1749,1.0909,1.4982,1.472915938
98.7324,97.0451,0.563538,10.0147,1.0832,1.5676,1.482108804
98.8848,97.226,0.542219,9.9034,1.0655,1.625266667,1.500454774
99.0372,98.7474,0.559809,9.8878,1.0533,1.6308,1.448649886
99.1896,100.2085,0.52023,9.9568,1.0518,1.660066667,1.449105976
99.342,100.5509,0.533714,10.0503,1.0556,1.702633333,1.438654939
99.4944,100.0809,0.530553,10.0225,1.0648,1.7355,1.480694291
99.6468,96.9454,0.532505,9.9408,1.0726,1.746166667,1.47458912
99.7992,94.7365,0.54083,9.5079,1.0776,1.8363,1.53914966
99.9516,92.72,0.580639,9.0349,1.0785,1.8666,1.557773167
100.104,94.7924,0.58286,8.5248,1.0499,1.8925,1.58630959
100.2564,96.4866,0.582043,8.5944,1.0071,1.928266667,1.632427394
100.4088,96.8304,0.563905,8.5791,0.9867,1.9316,1.648117565
100.5612,92.7635,0.560095,8.7026,0.9894,1.9092,1.683496805
100.7136,90.7689,0.531632,8.7825,1.0036,1.836233333,1.649751086
100.866,90.0256,0.530521,8.798,1.0138,1.775666667,1.608858194
101.0184,93.33,0.533705,8.7265,1.0202,1.772033333,1.621388407
101.1708,94.4536,0.550353,8.7758,1.019,1.806233333,1.647915101
101.3232,94.9088,0.529075,8.8646,1.0113,1.8185,1.694131198
101.4756,94.996,0.514709,8.879,1.0104,1.8115,1.677108956
101.628,92.0491,0.520394,8.7455,1.0202,1.833533333,1.701698362
101.7804,91.7416,0.514182,8.6741,1.0399,1.821666667,1.743089543
101.9328,91.1893,0.525506,8.5897,1.0687,1.804966667,1.766731247
102.0852,91.0716,0.51828,8.4895,1.0967,1.812033333,1.743656053
102.2376,92.3894,0.514066,8.456,1.1101,1.829633333,1.763812981
102.39,90.8207,0.510977,8.4426,1.1072,1.861666667,1.76446833
102.5424,92.2834,0.525763,8.3963,1.0971,1.766966667,1.660351418
102.6948,92.8493,0.54757,8.4284,1.086,1.696233333,1.620214444
102.8472,93.2644,0.567282,8.4371,1.0748,1.6597,1.608291809
102.9996,93.894,0.540108,8.4678,1.0626,1.618433333,1.586652633
103.152,92.1854,0.546538,8.4953,1.0485,1.601633333,1.607064145
103.3044,94.3135,0.544001,8.4774,1.0355,1.560333333,1.565345038
103.4568,94.6299,0.553327,8.4218,1.0252,1.5701,1.582093241
103.6092,94.2676,0.537856,8.4397,1.0162,1.537566667,1.56245219
103.7616,93.5768,0.520161,8.4524,1.0092,1.5194,1.574577332
103.914,94.0603,0.512594,8.4528,1.0056,1.5388,1.626258741
104.0664,93.9399,0.529596,8.4641,1.0096,1.517433333,1.62335089
104.2188,93.6212,0.543605,8.4749,1.0222,1.484766667,1.617647607
104.3712,93.8008,0.563613,8.489,1.0341,1.4609,1.637027272
104.5236,92.7145,0.536696,8.4458,1.0401,1.474066667,1.684223578
104.676,88.7127,0.543837,8.4235,1.0403,1.4858,1.721865624
104.8284,90.2716,0.540312,8.4141,1.0419,1.503866667,1.748215256
104.9808,92.2863,0.534808,8.4725,1.0466,1.4884,1.745213083
105.1332,97.8415,0.53357,8.4824,1.0496,1.4586,1.740796592
105.2856,95.428,0.525717,8.4289,1.049,1.4636,1.758731808
105.438,95.4204,0.538837,8.3945,1.05,1.443833333,1.717623922
105.5904,93.9834,0.533958,8.3672,1.0446,1.4638,1.72100055
105.7428,95.7121,0.546125,8.4158,1.0284,1.479866667,1.689595114
105.8952,96.3176,0.540133,8.4423,1.0153,1.406366667,1.566337884
106.0476,97.2207,0.525535,8.3905,1.0128,1.394333333,1.564495623
106.2,98.755,0.511047,8.2994,1.0145,1.439666667,1.570265484
106.3524,99.8992,0.518501,8.3103,1.0218,1.4315,1.518693227
106.5048,102.0934,0.513604,8.3439,1.0276,1.4151,1.473710518
106.6572,102.8645,0.507906,8.4696,1.0237,1.422266667,1.481033421
106.8096,100.785,0.512112,8.5974,1.0211,1.368933333,1.449237913
106.962,99.2326,0.53244,8.7187,1.0227,1.3981,1.483363933
107.1144,97.0261,0.544592,8.7377,1.0366,1.403533333,1.506933016
107.2668,98.8048,0.518387,8.6479,1.0482,1.392466667,1.500731282
107.4192,99.7702,0.513882,8.4105,1.0363,1.405,1.522125269
107.5716,100.5392,0.513845,8.3665,1.0219,1.414133333,1.519788159
107.724,99.1174,0.519326,8.5086,1.0123,1.3952,1.476572143
107.8764,96.9015,0.501216,8.5949,1.0104,1.4133,1.486935577
108.0288,95.1163,0.525416,8.6119,1.0119,1.415166667,1.469141112
108.1812,95.0175,0.556594,8.5095,1.0134,1.358033333,1.436612833
108.3336,94.8816,0.591992,8.4021,1.0007,1.348066667,1.442053742
108.486,95.9658,0.559632,8.4068,0.9841,1.3466,1.46173989
108.6384,95.213,0.550647,8.4314,0.9903,1.3345,1.458723454
108.7908,97.7702,0.528175,8.4153,1.0048,1.363733333,1.503150423
108.9432,97.1313,0.541364,8.3946,1.0153,1.345833333,1.490172632
109.0956,99.713,0.545083,8.3331,1.013,1.355966667,1.476427433
109.248,97.8132,0.565669,8.3373,1.0065,1.360833333,1.48447167
109.4004,96.2853,0.545699,8.334,1.0043,1.332766667,1.459019367
109.5528,95.6618,0.543222,8.3461,1.0024,1.332833333,1.470383059
109.7052,93.3552,0.544419,8.3504,0.9988,1.332366667,1.490037773
109.8576,93.475,0.545067,8.3675,0.9951,1.353766667,1.524112325
110.01,93.6067,0.531507,8.4186,0.9939,1.3761,1.539154407
110.1624,95.173,0.511387,8.3686,0.9976,1.368833333,1.505058871
110.3148,96.0263,0.512361,8.4056,1.0061,1.370366667,1.493902953
110.4672,94.7114,0.51229,8.4067,1.0157,1.409533333,1.532162975
110.6196,94.8134,0.51988,8.415,1.0253,1.448033333,1.469869642
110.772,95.571,0.531059,8.4329,1.0276,1.504533333,1.419295617
110.9244,96.9881,0.525177,8.4293,1.0181,1.571633333,1.431040658
111.0768,97.9562,0.522047,8.4611,1.0008,1.6116,1.437844883
111.2292,100.3034,0.50971,8.4677,0.9837,1.660566667,1.457890981
111.3816,100.6259,0.515166,8.485,0.9812,1.674566667,1.434633953
111.534,100.714,0.520119,8.4547,0.9965,1.677533333,1.399271185
111.6864,99.4841,0.538383,8.4461,1.0285,1.7285,1.404723454
111.8388,99.3081,0.56042,8.4142,1.0498,1.710066667,1.387401406
111.9912,97.4157,0.561704,8.4851,1.0479,1.759166667,1.434283145
112.1436,97.5,0.567321,8.5867,1.0493,1.796233333,1.462650418
112.296,98.9062,0.547417,8.6704,1.045,1.732866667,1.485022777
112.4484,101.4447,0.551573,8.5993,1.0384,1.714033333,1.496207149
112.6008,100.568,0.520018,8.5015,1.0407,1.739033333,1.569093315
112.7532,97.5564,0.513946,8.4414,1.0394,1.642133333,1.571511411
112.9056,96.2102,0.512087,8.3788,1.0333,1.619766667,1.573065641
113.058,94.7207,0.52923,8.3941,1.0294,1.626533333,1.673197492
113.2104,93.7403,0.545726,8.4925,1.0306,1.629,1.69707629
113.3628,93.3931,0.565081,8.507,1.0331,1.685166667,1.760474862
113.5152,94.4645,0.562379,8.4753,1.0279,1.7307,1.890942995
113.6676,94.6035,0.554905,8.414,1.0153,1.713833333,1.902703324
113.82,93.4904,0.544026,8.4751,0.999,1.707233333,1.89747089
113.9724,92.6969,0.555223,8.6255,0.9909,1.6794,1.868168258
114.1248,90.5603,0.540869,8.6109,1.0012,1.671866667,1.896298337
114.2772,92.5688,0.544387,8.52,1.0087,1.704566667,1.944175364
114.4296,94.8106,0.537362,8.6877,1.0076,1.678866667,1.973881062
114.582,99.9373,0.552876,9.1596,1.0072,1.612966667,1.961360862
114.7344,104.2727,0.554352,9.4065,1.0082,1.658566667,1.963578819
114.8868,106.2013,0.565387,9.065,1.0108,1.6366,1.928245137
115.0392,107.7485,0.571741,8.8321,1.0146,1.607,1.827447437
115.1916,103.6521,0.556547,8.7965,1.0195,1.5997,1.80656647
115.344,100.3976,0.527878,8.8204,1.0277,1.542333333,1.74719782
115.4964,98.0128,0.530807,9.0756,1.0392,1.449433333,1.613648055
115.6488,100.0134,0.52731,9.2187,1.0492,1.4105,1.585845595
115.8012,101.1222,0.5436,9.0488,1.0572,1.399266667,1.578601912
115.9536,100.0055,0.531629,8.7592,1.0681,1.379566667,1.597565808
116.106,96.1501,0.537181,9.1483,1.0646,1.354533333,1.52794467
116.2584,95.7936,0.525266,9.4176,1.0385,1.300633333,1.44403406
116.4108,96.2688,0.516989,9.2522,1.0155,1.2925,1.371682173
116.5632,97.8581,0.516273,9.0371,1.0092,1.340433333,1.388586732
116.7156,98.1134,0.519217,9.5735,1.0178,1.329266667,1.401706625
116.868,100.0497,0.533842,9.0533,1.028,1.322166667,1.425334045
117.0204,98.8637,0.53656,8.4559,1.0348,1.308366667,1.456027644
117.1728,98.6713,0.537482,8.74,1.0411,1.282933333,1.45859487
117.3252,96.8787,0.524542,8.8614,1.044,1.276233333,1.497805655
117.4776,98.1196,0.515202,8.7498,1.0372,1.2647,1.441677175
117.63,98.7762,0.527939,8.5462,1.0286,1.296633333,1.454230942
117.7824,99.55,0.513705,8.4582,1.0325,1.3054,1.43605433
117.9348,98.1386,0.516354,8.3703,1.0427,1.335333333,1.423737999
118.0872,96.8596,0.518076,8.4091,1.0438,1.3569,1.500172665
118.2396,95.1265,0.527847,8.5906,1.0371,1.3955,1.533422463
118.392,96.1267,0.537992,8.6183,1.0294,1.4059,1.59112087
118.5444,95.8814,0.526873,8.5061,1.0215,1.375333333,1.612245418
118.6968,96.2568,0.533886,8.4117,1.0101,1.353366667,1.584047947
118.8492,95.6227,0.529363,8.4278,1.0005,1.364933333,1.591096078
119.0016,95.6794,0.537476,8.449,1.0008,1.358466667,1.611095564
119.154,96.1171,0.530753,8.4614,1.0024,1.3467,1.595319658
119.3064,95.7356,0.534803,8.4986,0.9992,1.358233333,1.618684356
119.4588,92.6259,0.520349,8.5637,0.999,1.373533333,1.66083057
119.6112,92.5581,0.533759,8.599,1.0017,1.385966667,1.721199165
119.7636,90.7638,0.533153,8.6717,1.0148,1.372666667,1.740242384
119.916,93.4398,0.52187,8.6473,1.0342,1.335866667,1.699525693
120.0684,92.9035,0.509468,8.4439,1.0464,1.330333333,1.692701299
120.2208,97.9319,0.505154,8.4209,1.0514,1.310133333,1.693326583
120.3732,100.2413,0.514461,8.6849,1.043,1.294366667,1.690215558
120.5256,100.3438,0.512135,8.8474,1.0241,1.2721,1.693419526
120.678,97.0351,0.5118,8.8944,1.0009,1.262266667,1.686592362
120.8304,96.3176,0.5133,8.8116,0.9935,1.284533333,1.737371937
120.9828,97.6171,0.526947,8.6761,1.0203,1.270266667,1.70958024
121.1352,98.7245,0.542005,8.5432,1.0589,1.268466667,1.685073406
121.2876,98.1538,0.548608,8.6343,1.0899,1.2503,1.653779331
121.44,95.6385,0.547208,8.6808,1.0978,1.265166667,1.692072242
121.5924,95.758,0.560277,8.9145,1.0832,1.247833333,1.655053596
121.7448,95.835,0.569179,8.9549,1.0706,1.257533333,1.635354024
121.8972,99.3818,0.575981,8.8262,1.0547,1.262266667,1.659162518
122.0496,99.4583,0.544891,8.6738,1.042,1.268566667,1.687090843
122.202,97.5529,0.529253,8.6211,1.0522,1.2658,1.661036933
122.3544,95.3228,0.546105,8.6523,1.0688,1.254666667,1.653065785
122.5068,94.6403,0.547146,8.6733,1.0749,1.269466667,1.568793544
122.6592,97.6153,0.577252,8.9268,1.0737,1.2861,1.581686997
122.8116,98.8842,0.557047,9.0711,1.0657,1.304533333,1.571051023
122.964,99.5558,0.563928,9.1509,1.0539,1.360966667,1.593144009
123.1164,98.2106,0.566121,9.1387,1.0415,1.346333333,1.54713159
123.2688,101.57,0.563396,9.06,1.0299,1.410933333,1.533189354
123.4212,100.7858,0.559764,9.0852,1.0201,1.433166667,1.536211489
123.5736,100.9653,0.537875,9.2215,1.0187,1.455933333,1.553410419
123.726,96.6823,0.540722,9.5442,1.025,1.4706,1.571769483
123.8784,98.4382,0.539495,9.8596,1.03,1.4789,1.519732462
124.0308,99.5525,0.55488,9.4154,1.0374,1.435266667,1.445285322
124.1832,99.7761,0.5624,9.3515,1.045,1.3967,1.3910648
124.3356,100.6545,0.577345,9.3317,1.0446,1.3797,1.460014478
124.488,100.8022,0.567097,9.382,1.0399,1.415433333,1.52837028
124.6404,102.5477,0.569861,9.3987,1.0368,1.457,1.575135634
124.7928,100.9606,0.571572,9.3366,1.0365,1.439133333,1.538945737
124.9452,100.1887,0.560853,9.2808,1.0372,1.3896,1.452492492
125.0976,98.736,0.552989,9.3668,1.0387,1.413733333,1.444376611
125.25,100.5829,0.555959,9.6425,1.0406,1.384366667,1.456630941
125.4024,102.8735,0.564716,9.7403,1.0424,1.379,1.422672485
125.5548,104.2887,0.567417,9.056,1.0454,1.376066667,1.388161444
125.7072,104.3386,0.555961,8.8086,1.0564,1.383666667,1.373945301
125.8596,103.5205,0.569065,9.7397,1.0644,1.372333333,1.372303716
126.012,102.204,0.559337,9.8323,1.0572,1.4015,1.377501137
126.1644,100.1942,0.586533,9.5275,1.0503,1.4451,1.400780386
126.3168,97.5845,0.58493,9.2412,1.0519,1.4729,1.348681562
126.4692,95.4273,0.580628,9.625,1.0551,1.476466667,1.328501731
126.6216,94.0198,0.548048,10.1116,1.0538,1.418333333,1.280851626
126.774,92.1394,0.542296,10.4641,1.051,1.390266667,1.251914346
126.9264,94.9434,0.55235,9.9596,1.0509,1.414433333,1.264642708
127.0788,94.1289,0.551196,9.1017,1.051,1.380066667,1.270697366
127.2312,95.2066,0.560489,8.7559,1.0468,1.3679,1.246479853
127.3836,93.5976,0.556004,8.7496,1.0376,1.3897,1.291136532
127.536,94.567,0.551301,8.6637,1.0339,1.414766667,1.31515765
127.6884,95.0814,0.525339,8.4577,1.04,1.384966667,1.294046302
127.8408,92.9433,0.509894,8.3999,1.0476,1.405933333,1.353892313
127.9932,91.439,0.512821,8.5215,1.0549,1.423,1.403537174
128.1456,94.7082,0.512357,8.4137,1.0652,1.441,1.399587368
128.298,97.733,0.533298,8.4358,1.0807,1.456933333,1.407466019
128.4504,98.8319,0.544913,8.5282,1.0943,1.4244,1.362865379
128.6028,95.9661,0.549699,8.8816,1.0971,1.469,1.393300063
128.7552,95.5331,0.539261,9.0821,1.0902,1.544,1.447505325
128.9076,98.3341,0.530302,8.9882,1.0765,1.553433333,1.457102323
129.06,98.5317,0.538463,8.8243,1.0595,1.5941,1.460535937
129.2124,97.6872,0.543414,8.6209,1.052,1.645733333,1.534348286
129.3648,93.8275,0.561176,8.6591,1.0579,1.6062,1.464931839
129.5172,92.6135,0.571416,8.7149,1.0679,1.6044,1.436328087
129.6696,91.9031,0.573788,8.6881,1.0763,1.652466667,1.505531041
129.822,91.7747,0.583039,8.6258,1.0834,1.685866667,1.515087208
129.9744,90.2406,0.552427,8.6493,1.0906,1.683,1.494740334
130.1268,90.8633,0.552701,8.7536,1.0971,1.6952,1.546415779
130.2792,93.9646,0.534806,8.7501,1.1015,1.675433333,1.522345442
130.4316,96.5029,0.572305,8.7147,1.1026,1.684266667,1.572112823
130.584,96.3537,0.58208,8.7746,1.099,1.707266667,1.624038648
130.7364,94.1103,0.570773,8.8131,1.0894,1.704833333,1.635188594
130.8888,95.6007,0.532473,8.911,1.0784,1.7111,1.676499714
131.0412,95.7834,0.524307,9.0196,1.0738,1.702866667,1.697890254
131.1936,95.0611,0.532088,9.1239,1.0735,1.7274,1.741191213
131.346,91.0657,0.573011,9.0935,1.073,1.743533333,1.728854394
131.4984,91.1682,0.567712,9.0849,1.0702,1.706066667,1.66571386
131.6508,91.5993,0.575506,9.1348,1.0625,1.6876,1.594028578
131.8032,93.9338,0.557205,9.5208,1.0554,1.753033333,1.611473828
131.9556,94.5519,0.558418,9.8445,1.0535,1.785066667,1.570079466
132.108,94.718,0.555953,9.9513,1.0562,1.821633333,1.574837885
132.2604,93.2103,0.56481,9.5589,1.0642,1.895533333,1.612623034
132.4128,91.4956,0.561059,9.0828,1.0723,1.915166667,1.625097353
132.5652,91.6124,0.554942,8.6963,1.0809,1.8963,1.578504
132.7176,94.5737,0.535222,8.5599,1.0915,1.908633333,1.579370307
132.87,96.4962,0.565924,8.6397,1.0964,1.9001,1.591807659
133.0224,96.3213,0.582751,8.667,1.0917,1.9215,1.603470335
133.1748,92.7295,0.607675,8.5984,1.0706,1.917966667,1.587877524
133.3272,90.1618,0.548317,8.5965,1.0355,1.904566667,1.625892712
133.4796,89.5854,0.533725,8.6546,1.0079,1.9391,1.705056194
133.632,90.4773,0.516242,8.7398,1.0034,1.950966667,1.742922555
133.7844,93.6095,0.555867,8.8804,1.0191,1.895366667,1.746077403
133.9368,97.4615,0.527036,9.0531,1.0399,1.861433333,1.752671954
134.0892,99.7154,0.559803,9.2024,1.0561,1.818666667,1.745155186
134.2416,100.2575,0.5484,9.2528,1.0676,1.746466667,1.736537412
134.394,100.8711,0.582988,9.1518,1.0721,1.720466667,1.72056713
134.5464,103.6396,0.589752,8.9877,1.0691,1.727866667,1.796979053
134.6988,104.8682,0.579534,9.1345,1.0588,1.685633333,1.797750752
134.8512,104.0303,0.576611,9.0457,1.0492,1.688933333,1.780986186
135.0036,100.1671,0.576774,8.8847,1.0479,1.668166667,1.798043994
135.156,98.7877,0.557078,8.7134,1.0536,1.629133333,1.765570196
135.3084,97.1382,0.563507,9.1403,1.0605,1.6168,1.691020942
135.4608,98.5128,0.539843,9.7503,1.0564,1.596766667,1.693132849
135.6132,96.918,0.556145,10.3059,1.0427,1.568466667,1.687689757
135.7656,95.9319,0.567436,10.1845,1.0315,1.5432,1.640286629
135.918,95.6133,0.544395,9.9447,1.0277,1.5119,1.645804917
136.0704,96.3278,0.565495,9.8863,1.0241,1.518466667,1.672497229
136.2228,97.7787,0.57757,10.02,1.0167,1.535566667,1.675244254
136.3752,96.7509,0.596451,9.9826,1.0068,1.563533333,1.767068188
136.5276,96.3558,0.560146,9.9707,0.9924,1.6212,1.800808641
136.68,94.5801,0.523756,9.6347,0.9887,1.642333333,1.815115521
136.8324,94.8151,0.549032,9.3254,1.0139,1.624066667,1.80999556
136.9848,95.7533,0.548806,8.956,1.0451,1.645966667,1.85925918
137.1372,97.8915,0.575125,8.8627,1.059,1.6252,1.850832288
137.2896,95.4012,0.540224,8.7285,1.0637,1.636066667,1.890274124
137.442,94.4976,0.58777,8.8632,1.0652,1.572533333,1.829943655
137.5944,91.5002,0.570602,8.7908,1.0662,1.581533333,1.855403473
137.7468,93.8559,0.599395,8.7701,1.0679,1.585866667,1.882618898
137.8992,93.8881,0.587964,8.7853,1.0695,1.600733333,1.905676834
138.0516,96.2719,0.613711,8.9021,1.073,1.577933333,1.88523887
138.204,96.6853,0.593979,9.0307,1.0802,1.575666667,1.904746936
138.3564,97.5984,0.601205,9.2344,1.0854,1.571233333,1.905147058
138.5088,97.7572,0.630895,9.2609,1.0827,1.501,1.860733207
138.6612,98.8727,0.659311,9.2581,1.0793,1.527233333,1.895310382
138.8136,98.5904,0.641913,9.0516,1.0801,1.575566667,1.999436199
138.966,96.721,0.581807,8.8508,1.0784,1.548333333,1.983863391
139.1184,93.034,0.545193,8.7703,1.0713,1.547,1.975332799
139.2708,92.7508,0.522119,8.7659,1.0696,1.532566667,1.930011083
139.4232,93.2627,0.539352,9.0906,1.0741,1.549766667,1.948114057
139.5756,96.6781,0.561027,9.4411,1.0745,1.600433333,2.021756739
139.728,95.8912,0.568755,9.4034,1.0673,1.607733333,1.996887393
139.8804,98.6781,0.557759,9.0833,1.0551,1.648066667,1.917664846
140.0328,96.4986,0.556494,8.6332,1.0453,1.708966667,1.928287729
140.1852,96.9264,0.582471,8.4715,1.0427,1.703266667,1.910236494
140.3376,94.4841,0.579992,8.3831,1.047,1.744066667,1.8794286
140.49,93.186,0.573799,8.4581,1.0491,1.749,1.954527428
140.6424,90.0143,0.558117,8.7058,1.0424,1.758066667,1.986405278
140.7948,88.8533,0.597254,8.9419,1.0378,1.762333333,1.954183706
140.9472,89.9521,0.607152,9.0151,1.036,1.732366667,1.960771608
141.0996,89.9196,0.61493,8.9138,1.0326,1.7602,2.018613062
141.252,89.9785,0.578434,8.8336,1.0364,1.821433333,1.975167431
141.4044,88.9258,0.564909,8.7992,1.0419,1.828,1.915264821
141.5568,90.4626,0.550641,8.7362,1.0383,1.8536,1.896448076
141.7092,91.9635,0.543528,8.7927,1.0302,1.865333333,1.861113723
141.8616,92.7497,0.549313,8.9039,1.0263,1.884933333,1.879128502
142.014,90.1764,0.540354,9.1781,1.0218,1.863333333,1.908834816
142.1664,90.2049,0.539817,9.2876,1.0354,1.8343,1.902742795
142.3188,89.1044,0.53301,9.2324,1.0357,1.807333333,1.922949788
142.4712,91.1252,0.552762,8.9082,1.0376,1.767566667,1.838487543
142.6236,92.0066,0.572845,8.5771,1.0492,1.700633333,1.766481616
142.776,94.2614,0.591148,8.5795,1.0383,1.6371,1.690113987
142.9284,98.2846,0.570605,8.7124,1.0165,1.659466667,1.69175571
143.0808,98.4044,0.568316,8.9351,1.0134,1.6722,1.680918725
143.2332,99.9053,0.568121,9.0135,1.021,1.624266667,1.681683302
143.3856,99.4749,0.579887,8.9473,1.0213,1.629466667,1.754805739
143.538,97.5964,0.564201,8.8772,1.0206,1.555866667,1.733718946
143.6904,96.5895,0.553325,9.0734,1.0267,1.551133333,1.785874403
143.8428,94.5684,0.575786,9.3358,1.0341,1.524133333,1.826651047
143.9952,96.5499,0.605843,9.4638,1.0391,1.5223,1.799255182
144.1476,94.9724,0.614862,9.2863,1.045,1.543266667,1.822029453
144.3,95.5207,0.563295,9.0699,1.0505,1.527833333,1.775626633
144.4524,96.2466,0.531077,9.0039,1.0533,1.5562,1.84400816
144.6048,97.9943,0.528945,8.8735,1.0475,1.6407,1.96684826
144.7572,99.5987,0.569521,8.918,1.035,1.721366667,2.085042645
144.9096,97.5515,0.583476,8.887,1.0276,1.7181,2.084337486
145.062,96.1131,0.591495,8.8175,1.0293,1.676966667,2.067770111
145.2144,94.8905,0.583423,8.6543,1.0317,1.662666667,2.068199802
145.3668,94.3718,0.58331,8.5804,1.0319,1.6145,1.980875711
145.5192,95.239,0.565379,8.5667,1.0316,1.635533333,2.003061685
145.6716,93.7435,0.557203,8.7842,1.0325,1.619466667,1.992447603
145.824,95.4409,0.568433,9.1776,1.0336,1.593733333,1.96500787
145.9764,95.3007,0.60911,9.3478,1.0347,1.559666667,1.968262878
146.1288,96.7199,0.613701,9.3313,1.0387,1.5737,1.998237876
146.2812,94.9576,0.606995,9.4135,1.0432,1.6033,1.999582409
146.4336,96.4245,0.621658,9.7824,1.046,1.580933333,1.90637852
146.586,94.8355,0.6107,9.9201,1.0501,1.552133333,1.830947528
146.7384,94.5958,0.601418,9.6734,1.0529,1.543566667,1.812853307
146.8908,92.2208,0.55284,9.6684,1.0481,1.5334,1.748792928
147.0432,93.8345,0.543815,9.7745,1.0398,1.584833333,1.791668274
147.1956,94.0475,0.537693,10.015,1.0358,1.589166667,1.828416949
147.348,93.254,0.533506,9.9662,1.0342,1.611,1.89260533
147.5004,91.7081,0.555761,9.6896,1.0337,1.581133333,1.908880592
147.6528,92.4487,0.552528,9.6225,1.0355,1.575433333,1.921567011
147.8052,90.8187,0.564567,9.547,1.0332,1.612233333,1.957988554
147.9576,92.1638,0.539235,9.5945,1.0377,1.618,1.973349656
148.11,92.365,0.542329,9.4537,1.0404,1.6214,1.978259009
148.2624,97.6752,0.533296,9.416,1.035,1.635633333,1.996439272
148.4148,97.9394,0.556948,9.3417,1.0293,1.662733333,2.009762356
148.5672,96.8634,0.557633,9.3524,1.031,1.686,2.047290991
148.7196,94.7299,0.577323,9.2897,1.0386,1.660366667,1.98374475
148.872,93.9291,0.551402,9.1076,1.0381,1.679866667,2.037518732
149.0244,93.7544,0.547999,8.781,1.0354,1.668133333,1.996006692
149.1768,93.1901,0.532893,8.5999,1.0416,1.533266667,1.894779968
149.3292,93.8583,0.528491,8.4649,1.048,1.480133333,1.764088315
149.4816,96.5902,0.533919,8.4511,1.0477,1.536033333,1.743369238
149.634,98.3794,0.547744,8.4313,1.0396,1.547933333,1.770083292
149.7864,98.6035,0.589777,8.5213,1.0313,1.6073,1.819959947
149.9388,96.5491,0.58959,8.5677,1.0273,1.6314,1.836833464
150.0912,96.1707,0.599784,8.4713,1.0254,1.6646,1.933396555
150.2436,94.6965,0.569637,8.7992,1.023,1.6436,1.912180459
150.396,96.4206,0.608563,8.8642,1.0264,1.642433333,1.905087691
150.5484,97.0927,0.578785,8.6767,1.0339,1.643533333,1.889978302
150.7008,96.9625,0.578787,8.6929,1.0385,1.623966667,1.84197091
150.8532,95.2453,0.553287,8.7823,1.0294,1.616133333,1.832885007
151.0056,94.7357,0.549829,8.8116,1.0002,1.6113,1.823152017
151.158,98.6696,0.542605,8.7922,0.9843,1.646566667,1.774127254
151.3104,98.7081,0.526071,8.7051,0.9875,1.650733333,1.791687658
151.4628,101.5192,0.517299,8.7058,0.994,1.6252,1.791436135
151.6152,99.922,0.519471,8.8146,0.985,1.638533333,1.807803377
151.7676,101.5615,0.532594,8.8659,0.9543,1.600566667,1.761344991
151.92,97.1602,0.562914,8.8616,0.9319,1.607233333,1.780474275
152.0724,96.3743,0.577804,8.8585,0.9266,1.580233333,1.681885919
152.2248,96.9066,0.568014,8.8884,0.9307,1.630333333,1.721680503
152.3772,97.5095,0.562734,8.8165,0.9401,1.6494,1.780622356
152.5296,96.9958,0.611096,8.8083,0.95,1.6366,1.769700645
152.682,96.2126,0.614155,8.7571,0.9637,1.670266667,1.802860744
152.8344,96.416,0.602014,8.602,0.9473,1.7001,1.736787578
152.9868,97.2153,0.555124,8.4805,0.9212,1.747033333,1.756515518
153.1392,98.3886,0.562487,8.5209,0.9167,1.7726,1.845880921
153.2916,100.6981,0.563353,8.5775,0.934,1.815133333,1.85562282
153.444,98.8459,0.58232,8.6126,0.9627,1.9236,1.979888509
153.5964,97.6776,0.574575,8.5924,0.9837,1.9216,1.91311372
153.7488,93.6457,0.568972,8.5683,0.9806,1.897866667,1.828985925
153.9012,92.3859,0.544057,8.6957,0.9672,1.9371,1.847223292
154.0536,88.4013,0.541989,8.7792,0.9552,1.908533333,1.809075228
154.206,91.4101,0.542223,8.7931,0.9472,1.896033333,1.80428683
154.3584,94.2145,0.532988,8.7229,0.9419,1.8854,1.730425874
154.5108,94.6629,0.532733,8.6662,0.9429,1.875666667,1.755427666
154.6632,92.8352,0.532706,8.6342,0.9459,1.8652,1.729919023
154.8156,90.0628,0.5488,8.6914,0.9517,1.8245,1.65321942
154.968,91.4566,0.550394,8.9279,0.9595,1.828466667,1.661625524
155.1204,90.1883,0.557851,9.0475,0.9658,1.850366667,1.691741164
155.2728,92.5696,0.563155,8.9842,0.9746,1.8447,1.685042614
155.4252,92.1872,0.562329,8.8331,0.986,1.789133333,1.631462181
155.5776,94.6464,0.573519,8.7815,0.9972,1.7767,1.66037751
155.73,96.0975,0.547599,8.7882,0.9923,1.773533333,1.733542072
155.8824,96.8276,0.578542,8.6282,0.9616,1.7066,1.613320295
156.0348,96.5553,0.560785,8.5252,0.9316,1.7323,1.626195338
156.1872,93.0047,0.567336,8.5502,0.943,1.708266667,1.595898847
156.3396,92.3122,0.541364,8.6349,0.9798,1.7031,1.596192185
156.492,91.4892,0.560426,8.6842,0.9854,1.7118,1.553325559
156.6444,93.5734,0.571917,8.659,0.9677,1.720566667,1.603123174
156.7968,95.0892,0.586636,8.5626,0.9557,1.720533333,1.734723239
156.9492,93.9216,0.577077,8.4912,0.9528,1.629333333,1.666835451
157.1016,94.8915,0.567999,8.4913,0.9524,1.598,1.650968706
157.254,94.0668,0.579201,8.6465,0.9662,1.609333333,1.65278259
157.4064,96.2961,0.614627,8.8242,0.9858,1.5684,1.582548906
157.5588,95.6969,0.627042,8.9279,0.9975,1.565866667,1.58315444
157.7112,95.9995,0.597627,8.9648,1.0029,1.569266667,1.564493356
157.8636,94.6551,0.578961,8.9966,1.0024,1.563533333,1.658137806
158.016,93.0706,0.588953,8.9224,0.9945,1.5388,1.654044224
158.1684,94.487,0.601904,8.8542,0.9847,1.5484,1.658696448
158.3208,96.0096,0.58098,8.7566,0.9781,1.6275,1.837661607
158.4732,97.801,0.555598,8.9656,0.9717,1.6758,1.878572018
158.6256,95.6633,0.560584,9.1037,0.9608,1.633266667,1.880951921
158.778,94.3971,0.549423,9.3117,0.9492,1.6614,1.898328398
158.9304,94.5714,0.575031,9.3988,0.9316,1.6925,2.00175839
159.0828,93.8522,0.569051,10.0914,0.9126,1.715933333,2.02484903
159.2352,94.2994,0.563659,10.8809,0.8985,1.777266667,1.99744505
159.3876,91.6406,0.559189,11.9243,0.879,1.796433333,2.015150146
159.54,92.5262,0.538951,12.9481,0.8618,1.862633333,2.087723936
159.6924,93.4082,0.570398,13.1206,0.8607,1.8665,2.072696211
159.8448,95.8576,0.57127,12.9541,0.8717,1.8366,2.070892539
159.9972,95.8364,0.57312,12.3138,0.8849,1.8367,2.059198406
160.1496,94.9937,0.552907,11.9459,0.8937,1.843066667,2.053593906
160.302,93.3764,0.541895,11.9932,0.9088,1.794733333,1.973709535
160.4544,94.1816,0.579767,11.7087,0.932,1.8086,2.002181936
160.6068,97.7369,0.607034,10.7316,0.953,1.8521,1.98868701
160.7592,95.858,0.607437,10.4526,0.968,1.838633333,1.969467127
160.9116,93.9646,0.561023,10.4313,0.9788,1.853666667,1.947598561
161.064,91.2778,0.533243,10.7247,0.9819,1.840766667,1.917876581
161.2164,94.0325,0.538111,10.3522,0.9828,1.7395,1.89909578
161.3688,94.559,0.560966,9.8731,0.9969,1.7385,1.922570532
161.5212,92.3136,0.599082,9.6131,1.0422,1.672766667,1.855344724
161.6736,91.161,0.576218,9.9924,1.0779,1.6536,1.886847947
161.826,91.0841,0.569081,10.8389,1.0649,1.697033333,1.907669197
161.9784,94.1738,0.553201,11.1054,1.0358,1.675566667,1.845098528
162.1308,96.705,0.572666,10.5453,0.9968,1.664933333,1.838562245
162.2832,97.6557,0.560463,10.0119,0.9643,1.684133333,1.862977451
162.4356,96.2432,0.540948,9.8473,0.9458,1.672866667,1.87352304
162.588,96.0876,0.531486,10.1588,0.9398,1.669533333,1.91284024
162.7404,99.7053,0.537064,9.9021,0.9366,1.682766667,1.948248798
162.8928,102.062,0.54857,9.428,0.9286,1.681533333,1.961634161
163.0452,100.2822,0.564543,9.0512,0.9151,1.680066667,1.975664208
163.1976,96.8832,0.549849,9.1502,0.9082,1.6948,1.999885353
163.35,95.6919,0.530303,9.1748,0.9069,1.684766667,1.978744748
163.5024,95.6484,0.509191,9.0698,0.9095,1.6997,1.937805806
163.6548,96.1178,0.510851,8.959,0.9139,1.712,1.964396175
163.8072,93.6226,0.526108,9.0233,0.925,1.7075,1.954441757
163.9596,93.5971,0.554986,9.0426,0.9487,1.744366667,2.069698311
164.112,91.9337,0.567503,9.1288,0.9679,1.7414,2.143008704
164.2644,91.1904,0.555127,9.7367,0.9703,1.738766667,2.166919083
164.4168,90.6547,0.540441,10.4051,0.942,1.6958,2.114824302
164.5692,92.9884,0.531766,10.9027,0.9097,1.710666667,2.113608326
164.7216,93.4856,0.537392,10.8243,0.9042,1.687966667,2.093762665
164.874,93.2243,0.533567,10.3139,0.9161,1.650133333,2.048819428
165.0264,91.5673,0.548187,9.6719,0.9306,1.6221,2.026820323
165.1788,92.5073,0.565746,9.1045,0.9518,1.6382,2.0564579
165.3312,93.6446,0.577009,9.1678,0.9625,1.6245,2.057526245
165.4836,91.4207,0.577115,9.1855,0.9555,1.607933333,2.059521691
165.636,91.2243,0.56009,9.0981,0.9462,1.601966667,2.010053473
165.7884,91.2478,0.555491,9.0386,0.9407,1.579366667,1.983693398
165.9408,94.2921,0.553261,9.0412,0.935,1.541833333,1.914808939
166.0932,91.8558,0.552745,9.2277,0.9259,1.501433333,1.822010898
166.2456,92.6041,0.555422,9.3419,0.9125,1.495833333,1.850332999
166.398,91.1653,0.534906,9.5252,0.9006,1.4967,1.854036698
166.5504,93.7986,0.540557,9.5297,0.8961,1.4778,1.858146521
166.7028,93.7087,0.514464,9.5347,0.8975,1.484633333,1.897106279
166.8552,95.723,0.537178,9.9093,0.9002,1.4855,1.876026914
167.0076,96.5131,0.537873,9.9239,0.9025,1.469533333,1.85354593
167.16,96.9476,0.565375,9.5022,0.8958,1.482233333,1.857006492
167.3124,98.033,0.567765,8.8097,0.8907,1.489166667,1.853064994
167.4648,99.0553,0.562893,8.5706,0.8991,1.5145,1.850589451
167.6172,97.6539,0.560181,8.5183,0.9123,1.4978,1.832952944
167.7696,95.791,0.552941,8.5638,0.9203,1.462466667,1.641071636
167.922,95.4977,0.561285,8.6806,0.9252,1.346666667,1.469521426
168.0744,97.032,0.564259,8.7354,0.9324,1.342866667,1.441535448
168.2268,96.3972,0.561984,8.8257,0.9522,1.3221,1.421660868
168.3792,95.2705,0.563769,8.8718,0.9787,1.378,1.456269641
168.5316,94.8006,0.568264,8.8914,1.0027,1.458033333,1.489952583
168.684,94.9784,0.578325,8.9129,1.0152,1.484733333,1.487551925
168.8364,93.8495,0.569707,9.0465,1.0144,1.5645,1.570843335
168.9888,93.6522,0.564361,9.086,1.0082,1.581766667,1.583953549
169.1412,94.8658,0.549099,9.1366,0.9995,1.615466667,1.610217578
169.2936,95.1384,0.544862,9.1495,0.9947,1.564466667,1.562711847
169.446,94.7898,0.536176,9.0667,0.9961,1.571466667,1.575051083
169.5984,94.2158,0.551883,8.9418,0.9982,1.614666667,1.629240955
169.7508,96.1791,0.559106,8.7378,0.999,1.619966667,1.676883428
169.9032,93.6063,0.580939,8.7072,0.9915,1.6694,1.775416413
170.0556,98.6155,0.572541,8.7715,0.9925,1.720433333,1.867682533
170.208,100.4573,0.577388,9.0425,1.0098,1.742166667,1.921413648
170.3604,105.639,0.546133,9.1811,1.0302,1.737033333,1.965379446
170.5128,101.2913,0.536765,9.3142,1.0488,1.7083,1.999769239
170.6652,95.683,0.53385,9.258,1.0597,1.734833333,1.998144741
170.8176,92.7314,0.564818,9.1178,1.0614,1.691066667,1.950754417
170.97,93.4735,0.566262,8.94,1.0489,1.704933333,1.997608653
171.1224,98.5174,0.560599,8.9531,1.0249,1.664266667,1.962526415
171.2748,97.0943,0.541005,9.236,0.9778,1.699633333,2.012364935
171.4272,94.7615,0.538867,9.2832,0.9455,1.669466667,2.007852115
171.5796,91.8068,0.538937,9.2836,0.9409,1.682966667,1.975897694
171.732,96.0173,0.552628,9.1272,0.9378,1.7446,1.976437951
171.8844,99.4079,0.567253,9.23,0.9244,1.7579,1.89727384
172.0368,101.3665,0.578501,9.3683,0.9059,1.701966667,1.775524326
172.1892,99.9971,0.583853,9.4869,0.8837,1.786266667,1.651056145
172.3416,97.7674,0.563488,9.2929,0.8768,1.855266667,1.602304506
172.494,96.2792,0.577525,9.1218,0.8779,1.881966667,1.440405718
172.6464,95.5134,0.55763,9.0584,0.8803,1.890633333,1.427280105
172.7988,91.8826,0.563928,8.9082,0.873,1.944133333,1.462346601
172.9512,89.5236,0.532937,9.0452,0.8611,1.9341,1.427597967
173.1036,87.0095,0.551398,8.9262,0.8505,1.978866667,1.449348997
173.256,90.2798,0.542534,8.747,0.8501,2.0334,1.465820421
173.4084,91.9057,0.588432,8.6741,0.8594,2.069966667,1.474667024
173.5608,93.6395,0.594471,8.7597,0.88,2.028266667,1.450295968
173.7132,93.1884,0.642366,8.8671,0.9078,1.992733333,1.457144672
173.8656,92.8113,0.597198,8.8388,0.9235,2.042866667,1.492288103
174.018,93.7027,0.584971,8.8367,0.9376,2.062266667,1.47968483
174.1704,95.0878,0.580412,8.8217,0.9599,2.0163,1.465917759
174.3228,96.0912,0.584722,8.6568,0.9828,2.026666667,1.4170957
174.4752,94.8336,0.574958,8.5367,0.9896,2.112533333,1.537500585
174.6276,92.8136,0.537552,8.5521,0.9716,2.159566667,1.609692656
174.78,91.0876,0.54448,8.4292,0.9442,2.161666667,1.643894651
174.9324,95.2354,0.551004,8.4851,0.9306,2.249866667,1.731437047
175.0848,94.5412,0.583215,8.4487,0.9288,2.288133333,1.752079065
175.2372,96.6449,0.590667,8.4715,0.9201,2.250033333,1.725819776
175.3896,92.4809,0.579601,8.5377,0.9034,2.293433333,1.756982142
175.542,93.5183,0.575659,8.7253,0.891,2.308233333,1.74240563
175.6944,90.406,0.555515,9.0628,0.918,2.337733333,1.757165292
175.8468,90.0436,0.582462,8.8553,0.9664,2.362633333,1.746906246
175.9992,90.3017,0.587859,8.6465,1.0016,2.3961,1.757382359
176.1516,91.9822,0.608568,8.7715,1.0247,2.398633333,1.806365513
176.304,93.9796,0.582597,9.0221,1.0221,2.4594,1.902345685
176.4564,93.8772,0.596592,9.0959,0.9941,2.397666667,1.865602161
176.6088,93.3668,0.577111,8.8732,0.9734,2.284,1.765971951
176.7612,93.2842,0.582738,8.8698,0.9669,2.245233333,1.696716038
176.9136,94.0046,0.57803,9.2226,0.965,2.246166667,1.650280947
177.066,94.2704,0.592987,9.532,0.9529,2.251066667,1.730537969
177.2184,92.4853,0.586273,9.6141,0.9231,2.255466667,1.755153663
177.3708,91.834,0.567184,9.5774,0.9133,2.1722,1.710565197
177.5232,93.124,0.57017,9.3405,0.9443,2.193966667,1.779390279
177.6756,94.3108,0.553685,9.0204,0.9681,2.1758,1.775324635
177.828,94.3531,0.554453,8.7392,0.9832,2.034,1.66038088
177.9804,91.499,0.555152,8.679,0.9985,1.974666667,1.671198977
178.1328,87.6372,0.575549,8.8818,1.0058,1.941366667,1.690453006
178.2852,84.7504,0.562154,9.0211,1.0032,1.867566667,1.66631661
178.4376,84.861,0.564786,9.0176,1.0019,1.8776,1.681331508
178.59,88.804,0.572679,9.0878,0.9971,1.9096,1.709812458
178.7424,91.6417,0.607571,9.079,0.9818,1.904866667,1.75161209
178.8948,92.558,0.611154,8.8755,0.9681,1.810466667,1.725124435
179.0472,92.2918,0.618539,8.7377,0.9656,1.715766667,1.664965859
179.1996,91.6028,0.599551,8.6594,0.9729,1.721933333,1.719996452
179.352,96.5871,0.631439,8.7252,0.9756,1.7159,1.765070959
179.5044,97.0057,0.627446,8.9409,0.9702,1.705633333,1.757097237
179.6568,94.1781,0.567608,9.0044,0.955,1.685366667,1.805258051
179.8092,91.0079,0.531185,9.2527,0.9395,1.6636,1.861337648
179.9616,90.2508,0.518056,9.2832,0.9271,1.696933333,1.913826585
180.114,94.1585,0.546115,9.2317,0.9176,1.685366667,1.906906788
180.2664,92.5434,0.567612,9.1351,0.9127,1.665,1.874883072
180.4188,91.7831,0.593476,9.2205,0.9156,1.642,1.875929583
180.5712,91.376,0.607752,9.3242,0.9212,1.621633333,1.891424269
180.7236,94.3994,0.620741,9.3119,0.9273,1.622,1.884176089
180.876,95.8146,0.599241,9.1244,0.9295,1.6481,1.918886263
181.0284,97.3166,0.618336,8.8908,0.9278,1.716966667,2.000167651
181.1808,98.6633,0.563645,8.9759,0.9246,1.667766667,1.938223098
181.3332,102.3419,0.578492,8.8504,0.9284,1.679133333,1.887972135
181.4856,104.0342,0.543887,8.6676,0.9383,1.6759,1.899985164
181.638,102.044,0.54104,8.7838,0.951,1.657166667,1.831416775
181.7904,99.6022,0.525068,9.0541,0.966,1.712266667,1.858926445
181.9428,97.2116,0.534575,9.1022,0.975,1.667,1.782123864
182.0952,96.0532,0.559997,9.0582,0.9841,1.6642,1.788658592
182.2476,95.3162,0.576575,8.9156,0.9855,1.702833333,1.83405827
182.4,94.2476,0.569655,8.7514,0.9676,1.737766667,1.885278983
182.5524,95.652,0.54894,9.053,0.9374,1.7255,1.846998534
182.7048,94.9311,0.533676,9.5711,0.9142,1.6895,1.820092191
182.8572,96.9707,0.559825,9.7967,0.9233,1.679966667,1.795075291
183.0096,95.8122,0.570142,9.9419,0.9749,1.655366667,1.735356092
183.162,92.2812,0.581052,9.717,1.0166,1.7028,1.789126629
183.3144,91.4348,0.5782,9.3919,1.0426,1.690233333,1.783170485
183.4668,90.4433,0.576993,9.0347,1.0579,1.640566667,1.727979932
183.6192,96.2764,0.560938,8.9094,1.0605,1.622633333,1.696104409
183.7716,97.4743,0.551958,8.887,1.0558,1.615433333,1.635950686
183.924,97.9853,0.529051,8.7781,1.0307,1.632666667,1.671561353
184.0764,94.6864,0.522578,8.8763,1.0047,1.714766667,1.782787418
184.2288,93.3519,0.527379,8.7947,0.9836,1.681,1.756307357
184.3812,91.6912,0.550277,8.6842,0.9648,1.648366667,1.707164149
184.5336,90.4865,0.567915,8.5037,0.959,1.670733333,1.791516637
184.686,91.0071,0.560641,8.4439,0.9671,1.722933333,1.8631266
184.8384,94.096,0.56295,8.5229,0.972,1.713766667,1.882256335
184.9908,94.8241,0.557536,9.0545,0.9694,1.7087,1.897666974
185.1432,94.3761,0.558942,9.5485,0.9629,1.7145,1.902660519
185.2956,93.1499,0.546581,9.6727,0.9576,1.736766667,1.937096482
185.448,95.5915,0.556727,9.3895,0.9593,1.746,1.949651559
185.6004,96.8808,0.543641,8.9329,0.9623,1.7817,2.017891674
185.7528,99.0803,0.55597,9.2668,0.9635,1.751633333,2.007680112
185.9052,96.4628,0.56087,10.0326,0.9629,1.742,1.976929151
186.0576,95.6407,0.552418,10.3784,0.9607,1.705433333,1.892872802
186.21,93.7988,0.540419,10.03,0.9601,1.6837,1.915318705
186.3624,93.3663,0.541292,9.4836,0.9636,1.695166667,1.939315173
186.5148,91.8595,0.555415,9.4494,0.971,1.698033333,1.87100571
186.6672,92.4367,0.549602,10.0553,0.9825,1.707266667,1.857486706
186.8196,93.4712,0.532311,10.3273,0.9958,1.677966667,1.823672202
186.972,94.4788,0.525654,10.166,1.0012,1.651233333,1.820688216
187.1244,94.161,0.539445,9.5566,0.995,1.647966667,1.860403424
187.2768,94.1289,0.523896,9.1514,0.9846,1.640833333,1.860001847
187.4292,93.1894,0.524488,8.9895,0.9812,1.627766667,1.872400984
187.5816,91.3097,0.516619,8.7064,0.9779,1.5943,1.852493206
187.734,94.712,0.541821,8.536,0.9698,1.591233333,1.847903509
187.8864,95.1026,0.540395,8.548,0.9687,1.5479,1.805807564
188.0388,97.195,0.554552,8.6417,0.9716,1.509033333,1.770365885
188.1912,95.711,0.559703,8.7677,0.9752,1.505266667,1.768584555
188.3436,96.7694,0.572959,8.8271,0.9794,1.507133333,1.76281634
188.496,95.5998,0.555616,8.8026,0.9806,1.472366667,1.713610214
188.6484,93.9934,0.55862,8.8047,0.9787,1.433166667,1.664640403
188.8008,101.4141,0.563783,8.855,0.9715,1.498833333,1.713904433
188.9532,101.313,0.586807,8.8543,0.9552,1.554133333,1.723416466
189.1056,101.3527,0.564186,8.8191,0.9375,1.540433333,1.651121451
189.258,93.4948,0.564579,8.7375,0.9342,1.5478,1.586948989
189.4104,96.6216,0.543256,8.7322,0.9423,1.600866667,1.603107706
189.5628,98.6285,0.552425,8.8231,0.9497,1.597633333,1.562275338
189.7152,100.1194,0.524105,8.997,0.9602,1.6329,1.559638513
189.8676,99.7471,0.530738,9.0783,0.9775,1.679733333,1.595702414
190.02,101.1442,0.522041,9.07,1.0048,1.699466667,1.602335893
190.1724,101.6632,0.544201,9.0717,1.0025,1.713333333,1.552830434
190.3248,102.8648,0.561822,9.0997,0.9817,1.717133333,1.52936666
190.4772,102.9885,0.573473,9.1587,0.9661,1.751466667,1.569109614
190.6296,102.5034,0.56449,9.1121,0.9777,1.7296,1.526957729
190.782,102.1777,0.545746,8.9623,0.9936,1.7516,1.520369288
190.9344,99.7502,0.540623,8.8216,0.9975,1.713666667,1.469735403
191.0868,97.3443,0.561543,8.7865,0.9923,1.6903,1.480996425
191.2392,94.2551,0.580924,8.7781,0.9845,1.692933333,1.533363361
191.3916,92.0148,0.571559,8.7065,0.9861,1.642333333,1.48834925
191.544,94.0123,0.569799,8.6444,0.9914,1.6949,1.526341516
191.6964,96.0186,0.550999,8.5828,0.9958,1.624633333,1.476231542
191.8488,99.938,0.561589,8.6293,0.9995,1.616566667,1.526606753
192.0012,96.8163,0.546663,8.6746,0.9994,1.5803,1.493285196
192.1536,95.5029,0.545919,8.7594,0.9938,1.5707,1.536667415
192.306,95.4455,0.53746,8.7929,0.9863,1.580666667,1.591154808
192.4584,100.2244,0.538668,8.8519,0.9798,1.5387,1.599720541
192.6108,100.5624,0.54125,8.8552,0.9775,1.578166667,1.656293897
192.7632,101.3181,0.538133,8.7712,0.9717,1.5646,1.661464828
192.9156,98.6786,0.5371,8.8241,0.9562,1.581533333,1.667564606
193.068,96.2605,0.537343,8.9467,0.9382,1.606,1.691908154
193.2204,94.1677,0.54419,9.1975,0.926,1.5592,1.651634189
193.3728,92.7127,0.54009,9.0994,0.9228,1.603066667,1.714772267
193.5252,92.2158,0.553551,9.0366,0.9276,1.5907,1.744954004
193.6776,93.1565,0.56381,9.0055,0.9303,1.616733333,1.722815543
193.83,94.708,0.570434,9.1634,0.9312,1.6647,1.756556179
193.9824,94.9709,0.547179,9.1888,0.932,1.742866667,1.861593309
194.1348,92.531,0.558874,9.1457,0.9292,1.7995,1.915643839
194.2872,92.2553,0.552299,8.8902,0.9245,1.8068,1.932389512
194.4396,93.0125,0.58673,8.9428,0.9188,1.8503,1.948400201
194.592,91.1204,0.574824,8.9599,0.9284,1.8497,1.883744943
194.7444,90.3482,0.613494,9.0239,0.9479,1.844966667,1.847438181
194.8968,90.3727,0.582394,9.144,0.9623,1.864266667,1.842507565
195.0492,91.9886,0.560943,9.4897,0.9745,1.8693,1.815335142
195.2016,91.9487,0.565498,9.6533,0.9738,1.9885,1.931671707
195.354,91.7177,0.575053,9.6162,0.9685,1.913366667,1.802400908
195.5064,90.9367,0.597266,9.6501,1.0141,1.924533333,1.770307125
195.6588,89.5873,0.579691,9.5767,1.0358,1.9663,1.896885661
195.8112,89.3618,0.588906,9.5864,1.0288,1.873666667,1.793283884
195.9636,91.5262,0.615029,9.2097,1.0282,1.8112,1.759701554
196.116,93.7386,0.585066,8.9795,1.0331,1.757866667,1.707755988
196.2684,94.7819,0.584864,9.06,1.0336,1.78,1.713662102
196.4208,94.3754,0.542292,9.4232,1.0134,1.848166667,1.770524481
196.5732,93.204,0.55509,9.2375,0.9804,1.846,1.786064445
196.7256,93.549,0.535908,9.0222,0.9459,1.891866667,1.846803702
196.878,92.3137,0.546157,8.9857,0.9126,1.870666667,1.848617724
197.0304,93.4831,0.558554,8.88,0.8935,1.860233333,1.829360812
197.1828,93.0315,0.568493,8.6093,0.8824,1.842833333,1.782122893
197.3352,95.9289,0.576721,8.8006,0.8737,1.874833333,1.833680944
197.4876,97.4206,0.549279,9.1036,0.8678,1.856366667,1.823422359
197.64,96.7141,0.575862,9.3106,0.8651,1.875866667,1.826410719
197.7924,96.8123,0.585182,9.4292,0.8596,1.9348,1.845977725
197.9448,101.8168,0.628786,9.4654,0.8593,1.957933333,1.832996762
198.0972,103.9483,0.591249,9.5995,0.8651,1.975033333,1.827111244
198.2496,102.6093,0.589949,9.8365,0.8788,1.9531,1.794661349
198.402,97.3781,0.554186,9.6726,0.8945,1.913533333,1.78025801
198.5544,95.6662,0.561551,9.2607,0.9123,1.8971,1.732855761
198.7068,96.387,0.533438,8.8518,0.9317,1.853766667,1.689552143
198.8592,96.6716,0.553689,9.0045,0.949,1.8264,1.634856459
199.0116,98.7775,0.561907,9.1385,0.9511,1.8229,1.658128872
199.164,98.7302,0.587675,9.0887,0.9463,1.8241,1.714214462
199.3164,100.2779,0.568408,8.944,0.9453,1.8715,1.796087577
199.4688,98.5629,0.530967,8.7678,0.9439,1.8808,1.783178817
199.6212,99.528,0.531399,8.8146,0.9427,1.909033333,1.739920027
199.7736,95.5603,0.526515,8.874,0.9441,1.847333333,1.672802884
199.926,96.8228,0.565788,9.1431,0.9481,1.8279,1.652157909
200.0784,95.7522,0.555726,9.2628,0.9528,1.808666667,1.657162059
200.2308,97.235,0.576267,8.9368,0.9534,1.830466667,1.626058891
200.3832,95.3034,0.57453,8.6395,0.9322,1.8683,1.670173667
200.5356,98.2461,0.605448,8.6728,0.9077,1.904266667,1.679669034
200.688,98.4476,0.587277,8.711,0.8961,1.8911,1.657955455
200.8404,103.6082,0.560217,8.859,0.8978,1.893433333,1.721458929
200.9928,100.9755,0.537224,9.2647,0.9099,1.8817,1.720777405
201.1452,100.8173,0.533085,9.565,0.9292,1.8725,1.734914594
201.2976,100.8196,0.551377,9.6989,0.9361,1.823233333,1.71602612
201.45,103.2613,0.54926,9.7689,0.9237,1.777666667,1.706518353
201.6024,104.911,0.559171,9.8128,0.9069,1.7027,1.710584815
201.7548,101.7486,0.536683,9.8768,0.9015,1.695833333,1.771797714
201.9072,99.7209,0.546045,9.5117,0.9088,1.679266667,1.796884135
202.0596,100.0294,0.540174,9.1509,0.9197,1.666533333,1.799114259
202.212,100.4751,0.561028,8.8016,0.9314,1.6272,1.838151978
202.3644,99.5328,0.563271,8.8274,0.9448,1.595666667,1.846741352
202.5168,98.2425,0.571177,8.824,0.9599,1.589233333,1.885616993
202.6692,97.0932,0.563601,8.7995,0.9758,1.577033333,1.907745205
202.8216,95.6059,0.539214,8.7484,0.9857,1.571733333,1.866409243
202.974,93.8774,0.535136,8.643,0.9958,1.577133333,1.869159682
203.1264,94.3448,0.538599,8.6724,1.0002,1.536,1.79804377
203.2788,96.7043,0.531465,8.7918,1.0001,1.554833333,1.789220111
203.4312,96.4879,0.542003,8.8321,0.965,1.570666667,1.800313183
203.5836,97.3982,0.553318,8.7882,0.9208,1.6128,1.845929403
203.736,97.3447,0.583393,8.6736,0.8975,1.589366667,1.837396409
203.8884,99.1804,0.580553,8.6098,0.8927,1.587966667,1.829288523
204.0408,98.3908,0.55952,8.7224,0.9047,1.587033333,1.838613127
204.1932,97.4938,0.554698,9.0279,0.9299,1.6067,1.864438345
204.3456,97.8135,0.554369,9.6057,0.9528,1.606233333,1.844044896
204.498,94.9659,0.568759,10.1123,0.9688,1.5227,1.806283997
204.6504,94.005,0.578941,10.0563,0.9734,1.533966667,1.823348339
204.8028,94.245,0.577388,10.0814,0.9674,1.5065,1.790126955
204.9552,95.5411,0.571428,10.2585,0.9604,1.4973,1.774781135
205.1076,97.21,0.570947,10.3132,0.955,1.546166667,1.805090286
205.26,96.1711,0.549096,9.8088,0.9542,1.558966667,1.744182244
205.4124,96.0573,0.540918,9.4313,0.9536,1.5923,1.709770007
205.5648,96.3202,0.535676,9.2345,0.9519,1.6623,1.670601312
205.7172,98.2531,0.561343,9.1404,0.9453,1.773233333,1.671401242
205.8696,98.8838,0.555756,9.1251,0.9363,1.8207,1.667578147
206.022,97.6736,0.543226,9.068,0.9086,1.829466667,1.660921386
206.1744,96.33,0.536455,9.3615,0.8859,1.799633333,1.660482851
206.3268,96.7372,0.538385,9.821,0.8836,1.766866667,1.634276878
206.4792,97.2832,0.54773,10.2125,0.8978,1.786466667,1.67605071
206.6316,94.399,0.542284,9.9132,0.9226,1.756033333,1.657767464
206.784,93.7393,0.554635,9.4813,0.9522,1.7632,1.712621137
206.9364,91.8285,0.545237,9.3873,0.9666,1.759633333,1.650611856
207.0888,94.1142,0.553501,9.185,0.9743,1.777166667,1.627290183
207.2412,92.5796,0.540481,8.8456,0.9691,1.793166667,1.682239343
207.3936,93.5808,0.557869,8.6389,0.9608,1.789166667,1.721236689
207.546,94.412,0.552887,8.6043,0.9734,1.787133333,1.75514751
207.6984,94.1309,0.561629,8.7858,0.9891,1.7437,1.725759256
207.8508,95.1219,0.552054,8.8568,0.9963,1.7159,1.72870563
208.0032,94.016,0.543489,8.8072,1.0001,1.7246,1.711799007
208.1556,96.2954,0.550726,8.7187,0.9903,1.792866667,1.72975094
208.308,97.1945,0.528909,8.8144,0.9812,1.855166667,1.747396942
208.4604,100.8869,0.535787,8.9332,0.9849,1.8585,1.674205359
208.6128,101.9727,0.518682,9.008,0.9806,1.870166667,1.667939249
208.7652,101.5395,0.533118,8.9934,0.9736,1.936633333,1.631025372
208.9176,99.6473,0.527801,8.9925,0.9673,2.018566667,1.702052324
209.07,100.0642,0.534974,9.0249,0.9731,2.059933333,1.730585776
209.2224,100.2433,0.531255,9.0431,0.9739,2.099133333,1.731051005
209.3748,98.3613,0.522273,9.0333,0.9608,2.140233333,1.700467831
209.5272,98.3009,0.529808,9.0088,0.9394,2.1088,1.653047396
209.6796,96.0793,0.544507,9.0098,0.9207,2.117233333,1.670458793
209.832,94.5688,0.561531,8.8504,0.9127,2.169166667,1.675334058
209.9844,92.8252,0.555862,8.6052,0.9092,2.1717,1.66409373
210.1368,93.2112,0.553703,8.5198,0.9173,2.113866667,1.642180395
